HEADER #,Internal Name,Type,Matrix,Script File,Level Script File,Event File,Text Archive,Wild File,Area Data,Texture File,Building File,AreaIcon,Music Day,Music Night,Weather,Camera Angle,Move Model Bank,MapSec,WorldMapX,WorldMapY,FlyAllowed,EscapeRopeAllowed,RunningAllowed,BikeAllowed,FollowMode,BattleBackground,MomCallIntroParam,IsKanto,Area_Unknown06,Area_Unknown08
0,EVERYWHERE,Route,0,139,399,0,3,255,0,0,0,Water,1000,1000,Normal,0,15,0,0,0,FALSE,TRUE,TRUE,TRUE,Unallowed,3,10,FALSE,2,257
1,NOTHING,Unknown(0),0,139,399,0,3,255,0,0,0,Water,1000,1000,Normal,0,15,0,0,0,FALSE,FALSE,FALSE,FALSE,Unallowed,3,10,FALSE,2,257
2,UNION,Interior,74,957,726,1,738,255,26,26,26,Water,1063,1063,Normal,4,15,0,0,0,FALSE,FALSE,FALSE,FALSE,Unallowed,6,10,FALSE,65535,0
3,UG,Underground,0,139,399,0,3,255,0,0,0,Water,1073,1073,Normal,0,15,0,0,0,FALSE,FALSE,FALSE,FALSE,Unallowed,3,10,FALSE,2,257
4,DIRECT2,Interior,75,137,397,2,3,255,26,26,26,Water,1063,1063,Normal,4,15,0,0,0,FALSE,FALSE,FALSE,FALSE,Unallowed,6,10,FALSE,65535,0
5,DIRECT4,Interior,76,138,398,3,3,255,26,26,26,Water,1063,1063,Normal,4,15,0,0,0,FALSE,FALSE,FALSE,FALSE,Unallowed,6,10,FALSE,65535,0
6,D17R1101,City/Town,67,22,283,4,59,255,88,88,86,Wall,1001,1001,Normal,0,15,230,12,4,TRUE,FALSE,TRUE,TRUE,All,0,9,FALSE,65535,257
7,D18R0101,Cave,25,23,284,5,60,28,78,78,76,Cave,1076,1076,Normal,0,15,206,11,4,FALSE,TRUE,TRUE,FALSE,All,8,10,FALSE,65535,1
8,D24,Route,0,139,399,0,3,255,3,3,3,Town,1074,1074,Normal,0,15,209,0,0,TRUE,FALSE,TRUE,TRUE,All,0,9,FALSE,2,257
9,R01,Route,0,168,413,6,319,111,18,18,18,Town,1050,1050,Normal,0,15,149,0,0,TRUE,FALSE,TRUE,TRUE,All,0,12,TRUE,2,257
10,MAUNCESTON T,City/Town,0,842,615,57,542,0,0,0,0,Wood,1018,1018,Normal,0,15,126,0,0,TRUE,FALSE,TRUE,TRUE,All,0,12,TRUE,2,257
11,MAUN 01 MUM,Interior,71,845,618,60,545,255,25,25,25,Gray,1018,1018,Normal,4,15,126,21,12,FALSE,FALSE,TRUE,FALSE,All,6,12,TRUE,65535,0
12,MAUN 02 PROT,Interior,72,846,619,61,546,255,25,25,25,Gray,1018,1018,Normal,4,15,126,21,12,FALSE,FALSE,TRUE,FALSE,All,6,12,TRUE,65535,0
13,MAUN 03 HS01,Interior,71,847,620,62,547,255,25,25,25,Gray,1018,1018,Normal,4,15,126,21,12,FALSE,FALSE,TRUE,FALSE,All,6,12,TRUE,65535,0
14,MAUN 04 RIV01,Interior,72,849,622,341,549,255,25,25,25,Gray,1018,1018,Normal,4,15,126,21,12,FALSE,FALSE,TRUE,FALSE,All,6,12,TRUE,65535,0
15,MAUN 05 HS02,Interior,71,854,627,67,553,255,25,25,25,Gray,1018,1018,Normal,4,15,127,16,12,FALSE,FALSE,TRUE,FALSE,All,6,12,TRUE,65535,0
16,MAUN 06 RIV02,Interior,72,849,622,341,549,255,25,25,25,Gray,1018,1018,Normal,4,15,126,21,12,FALSE,FALSE,TRUE,FALSE,All,6,12,TRUE,65535,0
17,MAUN 07 HS03,Interior,71,855,628,68,554,255,25,25,25,Gray,1018,1018,Normal,4,15,127,17,12,FALSE,FALSE,TRUE,FALSE,All,6,12,TRUE,65535,0
18,MAUN 08 RIV03,Interior,72,849,622,341,549,255,25,25,25,Gray,1018,1018,Normal,4,15,126,21,12,FALSE,FALSE,TRUE,FALSE,All,6,12,TRUE,65535,0
19,MAUN 09 LAB01,Interior,100,843,616,58,543,255,25,25,25,Gray,1066,1066,Normal,4,15,126,21,12,FALSE,FALSE,TRUE,FALSE,All,6,12,TRUE,65535,0
20,MAUN 10 LAB02,Interior,101,844,617,59,544,255,25,25,25,Gray,1018,1018,Normal,4,15,126,21,12,FALSE,FALSE,TRUE,FALSE,All,6,12,TRUE,65535,0
21,MAUN 11 HS04,Interior,97,856,629,69,555,255,25,25,25,Gray,1018,1018,Normal,4,15,127,17,12,FALSE,FALSE,TRUE,FALSE,All,6,12,TRUE,65535,0
22,RT 1 AREA 1,Route,0,168,413,6,319,0,0,0,0,Field,1050,1050,Normal,0,15,235,0,0,TRUE,FALSE,TRUE,TRUE,All,0,12,TRUE,2,257
23,HAMPELL TOWN,City/Town,0,735,508,46,446,1,0,0,0,Wood,1046,1046,Normal,0,15,2,0,0,TRUE,FALSE,TRUE,TRUE,All,0,12,TRUE,2,257
24,HAMP 01 PC01,Interior,73,852,625,66,552,255,26,26,26,Gray,1063,1063,Normal,4,15,127,17,12,FALSE,FALSE,TRUE,FALSE,All,6,12,TRUE,65535,0
25,HAMP 02 PCR01,Interior,77,924,697,127,TBD,255,26,26,26,Gray,1063,1063,Normal,4,15,133,12,5,FALSE,FALSE,TRUE,FALSE,All,6,12,TRUE,65535,0
26,HAMP 03 PM01,Interior,104,851,624,65,551,255,27,27,27,Gray,1064,1064,Normal,4,15,127,17,12,FALSE,FALSE,TRUE,FALSE,All,6,12,TRUE,65535,0
27,HAMP 04 HS05,Interior,66,139,399,79,TBD,255,25,25,25,Gray,1023,1023,Normal,4,15,6,0,0,FALSE,FALSE,FALSE,FALSE,All,6,12,TRUE,65535,0
28,HAMP 05 HS06,Interior,66,929,702,81,619,255,25,25,25,Gray,1023,1023,Normal,4,15,133,11,5,FALSE,FALSE,TRUE,FALSE,All,6,12,TRUE,65535,0
29,HAMP 06 HS07,Interior,66,927,700,82,617,255,25,25,25,Gray,1023,1023,Normal,4,15,133,11,5,FALSE,FALSE,TRUE,FALSE,All,6,12,TRUE,65535,0
30,RT 2 AREA 1,Route,0,169,414,7,320,1,0,0,0,Field,1050,1050,Rain,0,15,235,0,0,TRUE,FALSE,TRUE,TRUE,All,0,12,TRUE,2,257
31,RT 2 AREA 2,Route,0,169,414,7,320,2,0,0,0,Field,1050,1050,Rain,0,15,235,0,0,TRUE,FALSE,TRUE,TRUE,All,0,10,TRUE,2,257
32,NAVEL WEST 01,Cave,3,56,317,96,87,5,13,13,13,Cave,1073,1073,Normal,0,15,236,14,13,FALSE,TRUE,TRUE,TRUE,All,9,12,TRUE,2,1
33,NAVEL WEST 02,Cave,6,57,318,148,88,6,13,13,13,Cave,1073,1073,Normal,0,15,236,14,13,FALSE,TRUE,TRUE,TRUE,All,10,11,FALSE,2,1
34,PUDDLE GROVE,Cave,6,48,309,294,79,255,13,13,13,Cave,1073,1073,Normal,0,15,242,14,13,FALSE,TRUE,TRUE,TRUE,All,11,11,FALSE,2,1
35,NAVEL WEST 03,Cave,7,7,268,104,49,9,13,13,13,Cave,1073,1073,Normal,0,15,236,44,4,FALSE,TRUE,TRUE,TRUE,All,9,11,FALSE,2,1
36,NAVEL WEST 04,Cave,143,103,364,229,124,9,85,85,83,Cave,1073,1073,Normal,0,15,236,7,11,FALSE,TRUE,TRUE,TRUE,All,11,11,FALSE,1,1
37,LUGIA DEN 01,Cave,144,104,365,230,125,255,98,98,96,Cave,1001,1001,Normal,12,15,236,7,11,FALSE,TRUE,TRUE,FALSE,All,11,11,FALSE,1,1
38,LUGIA DEN 02,Cave,275,139,399,439,TBD,9,98,98,96,Cave,1073,1073,Normal,10,15,242,7,11,FALSE,TRUE,TRUE,TRUE,All,11,11,FALSE,1,1
39,RT 3 AREA 1,Route,0,175,420,8,326,3,0,0,0,Field,1050,1050,Normal,0,15,235,0,0,TRUE,FALSE,TRUE,TRUE,All,0,11,FALSE,2,257
40,RT 3 AREA 2,Route,0,175,420,8,326,4,0,0,0,Field,1050,1050,Normal,0,15,235,0,0,TRUE,FALSE,TRUE,TRUE,All,0,11,FALSE,2,257
41,NAVEL EAST 01,Cave,8,108,369,120,127,7,13,13,13,Cave,1073,1073,Normal,0,15,236,20,6,FALSE,TRUE,TRUE,TRUE,All,9,11,FALSE,2,1
42,AMBER GROVE,Route,0,178,423,9,326,255,1,4,1,Field,1050,1050,Normal,0,15,242,0,0,TRUE,FALSE,TRUE,TRUE,All,0,11,FALSE,2,257
43,BLAZE FOREST,Route,0,179,424,10,329,8,1,4,1,Field,1050,1050,Normal,0,15,235,0,0,TRUE,FALSE,TRUE,TRUE,All,0,11,FALSE,2,257
44,HO-OH TWR F1,Cave,15,19,280,108,57,9,77,77,75,Cave,1077,1077,Normal,0,15,205,12,4,FALSE,TRUE,TRUE,FALSE,All,8,11,FALSE,65535,1
45,HO-OH TWR F2,Cave,183,139,399,312,TBD,9,77,77,75,Cave,1077,1077,Normal,0,15,205,12,4,FALSE,TRUE,TRUE,FALSE,All,8,11,FALSE,65535,1
46,HO-OH TWR TOP,Cave,24,21,282,311,58,255,91,91,89,Cave,1001,1001,Normal,13,15,242,12,4,TRUE,FALSE,TRUE,FALSE,All,2,11,FALSE,65535,257
47,LOB FOREST 01,Route,0,184,429,11,334,10,1,4,1,Field,1083,1083,Normal,0,15,235,0,0,TRUE,FALSE,TRUE,TRUE,All,0,11,FALSE,2,257
48,LOB FOREST 02,Route,0,184,429,11,334,11,1,4,1,Field,1083,1083,Normal,0,15,235,0,0,TRUE,FALSE,TRUE,TRUE,All,0,11,FALSE,2,257
49,LOB FOREST 03,Route,0,184,429,11,334,12,1,4,1,Field,1083,1083,Normal,0,15,235,0,0,TRUE,FALSE,TRUE,TRUE,All,0,12,TRUE,2,257
50,LOB FOREST 04,Route,0,184,429,11,334,13,1,4,1,Field,1083,1083,Normal,0,15,235,0,0,TRUE,FALSE,TRUE,TRUE,All,0,12,TRUE,2,257
51,LOB FOREST 05,Route,0,184,429,11,334,14,1,4,1,Field,1083,1083,Normal,0,15,235,0,0,TRUE,FALSE,TRUE,TRUE,All,0,12,TRUE,2,257
52,LOB FOREST 06,Route,0,184,429,11,334,15,1,4,1,Field,1083,1083,Normal,0,15,235,0,0,TRUE,FALSE,TRUE,TRUE,All,0,12,TRUE,2,257
53,LOB FOREST 07,Route,0,184,429,11,334,16,1,4,1,Field,1083,1083,Normal,0,15,235,0,0,TRUE,FALSE,TRUE,TRUE,All,0,12,TRUE,2,257
54,LOB FOREST 08,Route,0,184,429,11,334,17,1,4,1,Field,1083,1083,Normal,0,15,235,0,0,TRUE,FALSE,TRUE,TRUE,All,0,12,TRUE,2,257
55,PETTLE GROVE,Route,0,184,429,11,334,17,1,4,1,Field,1083,1083,Normal,0,15,242,0,0,TRUE,FALSE,TRUE,TRUE,All,0,12,TRUE,2,257
56,LOBART CITY,City/Town,0,850,623,64,550,18,2,4,2,Wall,1019,1019,Normal,0,15,3,0,0,TRUE,FALSE,TRUE,TRUE,All,0,12,TRUE,2,257
57,LOBA 01 PC02,Interior,73,923,696,78,615,255,26,26,26,Gray,1063,1063,Normal,4,15,3,12,5,FALSE,FALSE,TRUE,FALSE,All,6,12,TRUE,65535,0
58,LOBA 02 PCR02,Interior,77,853,626,140,TBD,255,26,26,26,Gray,1063,1063,Normal,4,15,3,17,12,FALSE,FALSE,TRUE,FALSE,All,6,12,TRUE,65535,0
59,LOBA 03 PM02,Interior,104,921,694,76,613,255,27,27,27,Gray,1064,1064,Normal,4,15,3,12,5,FALSE,FALSE,TRUE,FALSE,All,6,12,TRUE,65535,0
60,LOBA 04 GYM01,Gym,89,886,659,133,582,255,31,31,31,Gray,1065,1065,Normal,2,15,3,11,10,FALSE,FALSE,TRUE,FALSE,All,6,0,FALSE,65535,0
61,A HQ1 F1,Interior,28,29,290,109,65,255,36,36,34,Gray,1022,1022,Normal,4,15,208,10,10,FALSE,FALSE,TRUE,FALSE,Small Only,6,0,FALSE,65535,0
62,A HQ1 F2,Interior,29,30,291,179,66,255,36,36,34,Gray,1022,1022,Normal,4,15,208,10,10,FALSE,FALSE,TRUE,FALSE,Small Only,6,0,FALSE,65535,0
63,A HQ1 F3,Interior,30,31,292,180,67,255,36,36,34,Gray,1022,1022,Normal,4,15,208,10,10,FALSE,FALSE,TRUE,FALSE,Small Only,6,0,FALSE,65535,0
64,A HQ1 F4,Interior,31,32,293,181,68,255,36,36,34,Gray,1022,1022,Normal,4,15,208,10,10,FALSE,FALSE,TRUE,FALSE,Small Only,6,0,FALSE,65535,0
65,A HQ1 F5,Interior,32,33,294,182,69,255,36,36,34,Gray,1022,1022,Normal,4,15,208,10,10,FALSE,FALSE,TRUE,FALSE,Small Only,6,0,FALSE,65535,0
66,A HQ1 F6,Interior,110,34,295,183,70,255,61,61,59,Gray,1022,1022,Normal,4,15,208,10,10,FALSE,FALSE,TRUE,FALSE,Small Only,6,0,FALSE,65535,0
67,D HQ1 F1,Interior,28,9,270,13,50,255,36,36,34,Gray,1022,1022,Normal,4,15,208,10,10,FALSE,FALSE,TRUE,FALSE,All,6,1,FALSE,65535,0
68,D HQ1 F2,Interior,29,10,271,42,51,255,36,36,34,Gray,1022,1022,Normal,4,15,208,10,10,FALSE,FALSE,TRUE,FALSE,Small Only,6,1,FALSE,65535,0
69,D HQ1 F3,Interior,30,11,272,49,51,255,36,36,34,Gray,1022,1022,Normal,4,15,208,10,10,FALSE,FALSE,TRUE,FALSE,Small Only,6,1,FALSE,65535,0
70,D HQ1 F4,Interior,31,15,276,50,53,255,36,36,34,Gray,1022,1022,Normal,4,15,208,10,10,FALSE,FALSE,TRUE,FALSE,Small Only,6,1,FALSE,65535,0
71,D HQ1 F5,Interior,32,16,277,51,53,255,36,36,34,Gray,1022,1022,Normal,4,15,208,10,10,FALSE,FALSE,TRUE,FALSE,Small Only,6,1,FALSE,65535,0
72,D HQ1 F6,Interior,110,18,279,52,56,255,61,61,59,Gray,1022,1022,Normal,4,15,208,10,10,FALSE,FALSE,TRUE,FALSE,Small Only,6,1,FALSE,65535,0
73,TBD,TBD,TBD,TBD,TBD,TBD,TBD,TBD,TBD,TBD,TBD,TBD,TBD,TBD,TBD,TBD,TBD,TBD,TBD,TBD,TBD,TBD,TBD,TBD,TBD,TBD,TBD,TBD,TBD,TBD
74,TBD,TBD,TBD,TBD,TBD,TBD,TBD,TBD,TBD,TBD,TBD,TBD,TBD,TBD,TBD,TBD,TBD,TBD,TBD,TBD,TBD,TBD,TBD,TBD,TBD,TBD,TBD,TBD,TBD,TBD
75,TBD,TBD,TBD,TBD,TBD,TBD,TBD,TBD,TBD,TBD,TBD,TBD,TBD,TBD,TBD,TBD,TBD,TBD,TBD,TBD,TBD,TBD,TBD,TBD,TBD,TBD,TBD,TBD,TBD,TBD
76,TBD,TBD,TBD,TBD,TBD,TBD,TBD,TBD,TBD,TBD,TBD,TBD,TBD,TBD,TBD,TBD,TBD,TBD,TBD,TBD,TBD,TBD,TBD,TBD,TBD,TBD,TBD,TBD,TBD,TBD
77,TBD,TBD,TBD,TBD,TBD,TBD,TBD,TBD,TBD,TBD,TBD,TBD,TBD,TBD,TBD,TBD,TBD,TBD,TBD,TBD,TBD,TBD,TBD,TBD,TBD,TBD,TBD,TBD,TBD,TBD
78,RT 5 AREA 1,Route,0,188,433,14,338,19,2,4,2,Field,1028,1028,Heavy Rain,0,15,250,0,0,TRUE,FALSE,TRUE,TRUE,All,1,7,FALSE,2,257
79,LOBA 05 HS09,Route,66,228,473,124,376,255,25,25,25,Gray,1019,1019,Normal,4,15,3,17,11,FALSE,FALSE,TRUE,FALSE,Small Only,6,7,FALSE,65535,0
80,LOBA 06 SCHOO,Interior,102,862,635,154,560,255,61,61,59,Gray,1019,1019,Normal,4,15,3,15,8,FALSE,FALSE,TRUE,FALSE,Small Only,6,7,FALSE,65535,0
81,RT 4 AREA 1,Route,0,186,431,64,336,18,2,4,2,Field,1019,1019,Normal,0,15,235,0,0,TRUE,FALSE,TRUE,TRUE,All,0,7,FALSE,2,257
82,LOBA 07 GV01,Interior,69,241,486,98,388,255,63,63,61,Gray,1019,1019,Normal,4,15,3,11,9,FALSE,FALSE,TRUE,TRUE,Small Only,6,7,TRUE,65535,0
83,RT 5 AREA 2,Route,0,188,433,14,338,19,4,4,4,Field,1028,1028,Normal,0,15,250,0,0,TRUE,FALSE,TRUE,TRUE,All,1,7,FALSE,2,257
84,SUB CAVE 01,Cave,9,99,360,117,122,27,13,13,13,Cave,1080,1080,Normal,0,15,236,17,8,FALSE,TRUE,TRUE,TRUE,Small Only,9,7,FALSE,2,1
85,SUB CAVE 02,Cave,10,58,319,149,89,28,13,13,13,Cave,1080,1080,Normal,0,15,236,17,8,FALSE,TRUE,TRUE,TRUE,Small Only,9,7,FALSE,2,1
86,SUB PATH 1,Route,0,190,435,14,340,29,4,4,4,Field,1053,1053,Normal,0,15,235,0,0,TRUE,FALSE,TRUE,TRUE,All,0,7,FALSE,2,257
87,SUB PATH 2,Route,0,190,435,14,340,30,4,4,4,Field,1053,1053,Normal,0,15,235,0,0,TRUE,FALSE,TRUE,TRUE,All,0,10,FALSE,2,257
88,SUB PATH 3,Route,0,190,435,14,340,31,4,4,4,Field,1053,1053,Normal,0,15,235,0,0,TRUE,FALSE,TRUE,TRUE,All,0,9,FALSE,2,257
89,SUB PATH 4,Route,0,190,435,14,340,32,4,4,4,Field,1053,1053,Normal,0,15,235,0,0,TRUE,FALSE,TRUE,TRUE,All,0,10,FALSE,2,257
90,ROCK PASSAGE,Cave,11,191,436,15,341,33,13,13,13,Cave,1168,1168,Normal,0,15,236,0,0,TRUE,FALSE,TRUE,TRUE,All,0,9,FALSE,2,1
91,ICE PASSAGE,Cave,11,197,442,15,346,34,13,13,13,Cave,1168,1168,Normal,0,15,236,0,0,TRUE,FALSE,TRUE,TRUE,All,0,12,TRUE,2,1
92,STEEL PASSAGE,Cave,11,199,444,15,348,35,13,13,13,Cave,1168,1168,Normal,0,15,236,0,0,TRUE,FALSE,TRUE,TRUE,All,0,12,TRUE,2,1
93,REGIROCK DEN,Cave,12,201,446,18,350,255,28,28,28,Cave,1168,1168,Normal,0,15,242,0,0,TRUE,FALSE,TRUE,TRUE,All,0,12,TRUE,65535,0
94,REGICE DEN,Cave,13,202,447,19,351,255,29,29,29,Cave,1168,1168,Normal,0,15,242,0,0,TRUE,FALSE,TRUE,TRUE,All,0,11,FALSE,65535,1
95,REGSTEEL DEN,Cave,14,203,448,20,352,255,30,30,30,Cave,1168,1168,Normal,0,15,242,0,0,TRUE,FALSE,TRUE,TRUE,All,0,11,FALSE,65535,1
96,BOAT 01,Interior,171,156,406,278,259,255,42,42,40,Gray,1096,1096,Normal,4,15,226,25,14,FALSE,FALSE,TRUE,FALSE,All,6,9,FALSE,65535,0
97,BOAT 02,Interior,172,157,407,279,260,255,42,42,40,Gray,1096,1096,Normal,4,15,226,25,14,FALSE,FALSE,TRUE,FALSE,Small Only,6,10,FALSE,65535,0
98,BOAT 03,Interior,173,158,408,280,261,255,42,42,40,Gray,1096,1096,Normal,4,15,226,25,14,FALSE,FALSE,TRUE,FALSE,Small Only,6,10,FALSE,65535,0
99,BOAT 04,Interior,174,159,409,281,3,255,42,42,40,Gray,1096,1096,Normal,4,15,226,25,14,FALSE,FALSE,TRUE,FALSE,All,6,8,FALSE,65535,0
100,BOAT 05,Interior,175,160,410,282,3,255,42,42,40,Gray,1096,1096,Normal,4,15,226,25,14,FALSE,FALSE,TRUE,FALSE,Small Only,6,3,FALSE,65535,0
101,BOAT 06,Interior,176,161,411,299,262,255,42,42,40,Gray,1096,1096,Normal,4,15,226,25,14,FALSE,FALSE,TRUE,FALSE,Small Only,6,10,FALSE,65535,0
102,BOAT 07,Interior,177,162,412,300,263,255,42,42,40,Gray,1096,1096,Normal,4,15,226,25,14,FALSE,FALSE,TRUE,FALSE,Small Only,8,10,FALSE,65535,0
103,RT 5 AREA 3,Route,0,190,435,14,340,20,4,4,4,Field,1028,1028,Normal,0,15,235,0,0,TRUE,FALSE,TRUE,TRUE,All,1,10,FALSE,2,257
104,RT 5 01 HS10,Interior,95,937,710,129,625,255,25,25,25,Gray,1028,1028,Normal,0,15,153,0,0,TRUE,FALSE,TRUE,TRUE,Small Only,6,10,FALSE,65535,0
105,SANDSTONE COV,Cave,36,100,361,223,3,36,13,13,13,Cave,1080,1080,Normal,0,15,236,21,4,FALSE,TRUE,TRUE,TRUE,Small Only,10,7,FALSE,2,1
106,RT 5 AREA 4,Route,0,191,436,14,341,21,4,4,4,Field,1028,1028,Normal,0,15,247,0,0,TRUE,FALSE,TRUE,TRUE,All,0,12,TRUE,2,257
107,MELTON CITY,City/Town,0,857,630,70,556,22,5,4,5,Wall,1020,1020,Normal,0,15,4,0,0,TRUE,FALSE,TRUE,TRUE,All,2,12,TRUE,2,257
108,MELT 01 PC03,Interior,73,860,633,153,559,255,26,26,26,Gray,1063,1063,Normal,4,15,128,15,8,FALSE,FALSE,TRUE,FALSE,All,6,12,TRUE,65535,0
109,MELT 02 PCR03,Interior,77,861,634,161,3,255,26,26,26,Gray,1063,1063,Normal,4,15,128,15,8,FALSE,FALSE,TRUE,FALSE,All,6,8,TRUE,65535,0
110,MELT 03 PM03,Interior,104,858,631,152,557,255,27,27,27,Gray,1064,1064,Normal,4,15,128,14,8,FALSE,FALSE,TRUE,FALSE,All,6,9,FALSE,65535,0
111,MELT 04 GYM02,Gym,92,877,650,135,574,255,33,33,33,Gray,1065,1065,Normal,0,15,130,5,11,FALSE,FALSE,TRUE,FALSE,All,7,9,FALSE,65535,0
112,MELT 05 GAME1,Interior,286,910,683,488,603,255,66,66,64,Gray,1069,1069,Normal,4,15,131,10,11,FALSE,FALSE,TRUE,FALSE,Small Only,6,9,FALSE,65535,0
113,MELT 06 GAME2,Interior,286,806,579,489,511,255,66,66,64,Gray,1069,1069,Normal,4,15,144,38,7,FALSE,FALSE,TRUE,FALSE,All,6,9,FALSE,65535,0
114,MELT 07 FOSSI,Interior,242,755,528,424,464,255,44,44,42,Gray,1044,1044,Normal,4,15,140,32,2,FALSE,FALSE,TRUE,FALSE,All,6,11,FALSE,65535,0
115,MELT 08 BIKE,Interior,107,890,663,175,584,255,27,27,27,Gray,1022,1022,Normal,4,15,131,11,11,FALSE,FALSE,TRUE,FALSE,Small Only,6,9,FALSE,65535,0
116,MELT 09 HS11,Interior,95,863,636,155,561,255,25,25,25,Gray,1020,1020,Normal,4,15,128,14,8,FALSE,FALSE,TRUE,FALSE,Small Only,6,10,FALSE,65535,0
117,MELT 10 HS12,Interior,66,139,399,16,3,255,25,25,25,Not Displayed,1019,1019,Normal,4,15,6,0,0,FALSE,FALSE,FALSE,FALSE,All,6,11,FALSE,65535,0
118,MELT 11 GV02,Interior,69,244,489,100,391,255,63,63,61,Gray,1019,1019,Normal,4,15,4,11,9,FALSE,FALSE,TRUE,TRUE,Small Only,6,5,FALSE,65535,0
119,RT 5 AREA 5,Route,0,197,442,14,346,22,4,4,4,Field,1028,1028,Normal,0,15,235,0,0,TRUE,FALSE,TRUE,TRUE,All,0,8,FALSE,2,257
120,MELT 12 GV03,Interior,69,226,471,130,375,255,63,63,61,Gray,1019,1019,Normal,4,15,4,11,9,FALSE,FALSE,TRUE,TRUE,All,6,8,FALSE,65535,0
121,RT 6 AREA 1,Route,0,197,442,16,346,23,4,4,4,Field,1028,1028,Normal,0,15,235,0,0,TRUE,FALSE,TRUE,TRUE,All,0,11,FALSE,2,257
122,RT 6 AREA 2,Route,0,197,442,16,346,24,4,4,4,Field,1028,1028,Normal,0,15,235,0,0,TRUE,FALSE,TRUE,TRUE,All,0,10,FALSE,2,257
123,RT 6 AREA 3,Route,0,197,442,16,346,25,4,4,4,Field,1028,1028,Normal,0,15,235,0,0,TRUE,FALSE,TRUE,TRUE,All,0,8,FALSE,2,257
124,RT 6 AREA 4,Route,0,197,442,16,346,26,4,4,4,Field,1028,1028,Normal,0,15,235,0,0,TRUE,FALSE,TRUE,TRUE,All,0,11,TRUE,2,257
125,SWORD TRIO,Cave,34,17,278,150,55,255,109,109,109,Cave,1072,1072,Normal,0,15,242,15,7,FALSE,TRUE,TRUE,FALSE,All,8,11,FALSE,65535,257
126,TBD,TBD,TBD,TBD,TBD,TBD,TBD,TBD,TBD,TBD,TBD,TBD,TBD,TBD,TBD,TBD,TBD,TBD,TBD,TBD,TBD,TBD,TBD,TBD,TBD,TBD,TBD,TBD,TBD,TBD
127,TBD,TBD,TBD,TBD,TBD,TBD,TBD,TBD,TBD,TBD,TBD,TBD,TBD,TBD,TBD,TBD,TBD,TBD,TBD,TBD,TBD,TBD,TBD,TBD,TBD,TBD,TBD,TBD,TBD,TBD
128,MELT 13 GH01,Interior,70,231,476,94,379,255,63,63,61,Gray,1019,1019,Normal,4,15,4,11,9,FALSE,FALSE,TRUE,TRUE,Small Only,6,7,FALSE,65535,0
129,RT 7 AREA 1,Route,0,199,444,17,348,41,4,4,4,Field,1029,1029,Normal,0,15,235,0,0,TRUE,FALSE,TRUE,TRUE,Small Only,0,7,FALSE,2,257
130,RT 7 AREA 2,Route,0,199,444,17,348,42,4,4,4,Field,1029,1029,Normal,0,15,235,0,0,TRUE,FALSE,TRUE,TRUE,Small Only,0,7,FALSE,2,257
131,SPARK ROAR C,Cave,143,103,364,229,124,39,85,85,83,Cave,1073,1073,Normal,0,15,218,7,11,FALSE,TRUE,TRUE,TRUE,Small Only,11,7,FALSE,1,1
132,REGIDRACO DEN,Cave,65,98,359,238,121,255,79,79,77,Cave,1073,1073,Normal,0,15,216,14,5,FALSE,TRUE,TRUE,TRUE,Small Only,10,10,FALSE,1,1
133,REGIELECT DEN,Cave,146,111,372,239,129,255,86,86,84,Cave,1081,1081,Normal,0,15,222,20,4,FALSE,TRUE,TRUE,TRUE,Small Only,10,10,FALSE,1,1
134,RT 7 AREA 3,Route,0,199,444,17,348,43,4,4,4,Field,1029,1029,Normal,0,15,235,0,0,TRUE,FALSE,TRUE,TRUE,Small Only,0,10,FALSE,2,257
135,RT 7 SCIENCE,Interior,213,803,576,12,508,255,106,106,106,Gray,1066,1066,Normal,4,15,144,38,7,FALSE,FALSE,TRUE,FALSE,Small Only,6,2,FALSE,65535,0
136,DANBERRA CITY,City/Town,0,866,639,71,564,44,6,4,6,Wall,1021,1021,Normal,0,15,5,0,0,TRUE,FALSE,TRUE,TRUE,Small Only,2,3,FALSE,2,257
137,DANB 01 GH02,Interior,70,235,480,338,382,255,63,63,61,Gray,1021,1021,Normal,4,15,5,11,9,FALSE,FALSE,TRUE,TRUE,Small Only,6,5,FALSE,65535,0
138,DANB 02 PC04,Interior,73,870,643,160,568,255,26,26,26,Gray,1063,1063,Normal,4,15,5,12,14,FALSE,FALSE,TRUE,FALSE,Small Only,6,6,FALSE,65535,0
139,DANB 03 PCR04,Interior,77,871,644,162,3,255,26,26,26,Gray,1063,1063,Normal,4,15,5,12,14,FALSE,FALSE,TRUE,FALSE,Small Only,6,4,FALSE,65535,0
140,DANB 04 PM04,Interior,104,867,640,159,565,255,27,27,27,Gray,1064,1064,Normal,4,15,5,13,14,FALSE,FALSE,TRUE,FALSE,Small Only,6,10,FALSE,65535,0
141,DANB 05 GYM03,Gym,258,786,559,352,492,255,52,52,50,Gray,1065,1065,Normal,0,15,5,38,7,FALSE,FALSE,TRUE,FALSE,Small Only,6,10,FALSE,65535,0
142,DANB 06 HS13,Interior,95,864,637,156,562,255,25,25,25,Gray,1021,1021,Normal,4,15,5,15,8,FALSE,FALSE,TRUE,FALSE,Small Only,6,10,FALSE,65535,0
143,DANB 07 HS14,Interior,125,873,646,157,570,255,61,61,59,Gray,1021,1021,Normal,4,15,5,13,14,FALSE,FALSE,TRUE,FALSE,Small Only,6,10,FALSE,65535,0
144,DANB 08 HS15,Interior,66,139,399,53,TBD,255,25,25,25,Gray,1021,1021,Normal,4,15,5,0,0,FALSE,FALSE,FALSE,FALSE,Small Only,6,1,FALSE,65535,0
145,WELL CAVE F1,Cave,45,59,320,111,90,39,84,84,82,Cave,1082,1082,Normal,0,15,236,7,11,FALSE,TRUE,TRUE,TRUE,All,9,10,TRUE,1,1
146,WELL CAVE F2,Cave,46,60,321,170,91,39,84,84,82,Cave,1082,1082,Normal,0,15,236,7,11,FALSE,TRUE,TRUE,TRUE,All,10,10,TRUE,1,1
147,WELL CAVE F3,Cave,2,5,266,103,47,40,82,82,80,Cave,1082,1082,Normal,0,15,236,7,11,FALSE,TRUE,TRUE,TRUE,All,10,10,TRUE,65535,1
148,WELL CAVE F4,Cave,106,61,322,174,92,40,84,84,82,Cave,1082,1082,Normal,0,15,236,7,11,FALSE,TRUE,TRUE,TRUE,All,11,12,TRUE,1,1
149,DANB 09 GV04,Interior,69,255,500,138,402,255,63,63,61,Gray,1021,1021,Normal,4,15,5,11,9,FALSE,FALSE,TRUE,TRUE,Small Only,6,2,FALSE,65535,0
150,RT 8 AREA 1,Route,0,201,446,48,350,45,4,4,4,Field,1030,1030,Normal,0,15,235,0,0,TRUE,FALSE,TRUE,TRUE,All,0,9,FALSE,2,257
151,RT 8 AREA 2,Route,0,201,446,48,350,46,4,4,4,Field,1030,1030,Normal,0,15,235,0,0,TRUE,FALSE,TRUE,TRUE,All,0,10,FALSE,2,257
152,VOLTIC CAVE 1,Cave,184,129,390,313,144,49,13,13,13,Cave,1157,1157,Diamond Dust,0,15,228,4,12,FALSE,TRUE,TRUE,TRUE,All,9,10,FALSE,2,1
153,VOLTIC CAVE 2,Cave,184,129,390,313,144,50,13,13,13,Cave,1157,1157,Diamond Dust,0,15,228,4,12,FALSE,TRUE,TRUE,TRUE,All,9,8,FALSE,2,1
154,AZELF DEN,Cave,184,8,269,403,144,255,107,107,107,Cave,1157,1157,Normal,0,15,242,4,12,FALSE,TRUE,TRUE,TRUE,All,9,8,FALSE,2,1
155,VOLTIC CAVE 3,Cave,184,129,390,313,144,51,13,13,13,Cave,1157,1157,Diamond Dust,0,15,228,4,12,FALSE,TRUE,TRUE,TRUE,All,9,9,FALSE,2,1
156,VOLTIC CAVE 4,Cave,184,201,390,313,144,52,13,13,13,Cave,1157,1157,Diamond Dust,0,15,228,4,12,FALSE,TRUE,TRUE,TRUE,All,9,9,FALSE,2,1
157,UXIE DEN,Cave,184,13,274,408,144,255,107,107,107,Cave,1157,1157,Normal,0,15,242,4,12,FALSE,TRUE,TRUE,TRUE,All,9,2,FALSE,2,1
158,VOLTIC CAVE 5,Cave,184,129,390,313,144,53,13,13,13,Cave,1157,1157,Diamond Dust,0,15,228,4,12,FALSE,TRUE,TRUE,TRUE,Small Only,9,2,FALSE,2,1
159,VOLTIC CAVE 6,Cave,184,129,390,313,144,54,13,13,13,Cave,1157,1157,Diamond Dust,0,15,228,4,12,FALSE,TRUE,TRUE,TRUE,Small Only,9,2,FALSE,2,1
160,MESPIRIT DEN,Cave,184,14,275,411,144,255,107,107,107,Cave,1157,1157,Normal,0,15,242,4,12,FALSE,TRUE,TRUE,TRUE,All,9,2,FALSE,2,1
161,RT 8 AREA 3,Route,0,201,446,48,350,47,4,4,4,Field,1030,1030,Normal,0,15,235,0,0,TRUE,FALSE,TRUE,TRUE,Small Only,0,3,FALSE,2,257
162,RT 8 AREA 4,Route,0,201,446,48,350,48,4,4,4,Field,1030,1030,Normal,0,15,235,0,0,TRUE,FALSE,TRUE,TRUE,Small Only,0,2,FALSE,2,257
163,SYDTREE CITY,City/Town,0,885,658,73,581,65,7,4,7,Wall,1021,1021,Normal,0,15,6,0,0,TRUE,FALSE,TRUE,TRUE,All,2,3,FALSE,2,257
164,SYDT 01 GV05,Interior,69,28,289,145,64,255,63,63,61,Gray,1022,1022,Normal,4,15,6,11,9,FALSE,FALSE,TRUE,TRUE,Small Only,6,3,FALSE,65535,0
165,SYDT 02 PC05,Interior,73,233,478,163,381,255,26,26,26,Gray,1063,1063,Normal,4,15,180,14,13,FALSE,FALSE,TRUE,FALSE,Small Only,6,3,FALSE,65535,0
166,SYDT 03 PCR05,Interior,77,234,479,164,3,255,26,26,26,Gray,1063,1063,Normal,4,15,131,11,11,FALSE,FALSE,TRUE,FALSE,Small Only,6,3,FALSE,65535,0
167,SYDT 04 GYM04,Gym,257,760,533,382,469,255,51,51,49,Gray,1065,1065,Normal,0,15,141,41,4,FALSE,FALSE,TRUE,FALSE,Small Only,6,2,FALSE,65535,0
168,DEPART 1 F1,Interior,113,899,672,184,592,255,62,62,60,Gray,1064,1064,Normal,4,15,131,11,11,FALSE,FALSE,TRUE,FALSE,Small Only,6,3,FALSE,65535,0
169,DEPART 1 F2,Interior,114,900,673,185,593,255,62,62,60,Gray,1064,1064,Normal,4,15,6,14,13,FALSE,FALSE,TRUE,FALSE,Small Only,6,10,FALSE,65535,0
170,DEPART 1 F3,Interior,115,901,674,186,594,255,62,62,60,Gray,1064,1064,Normal,4,15,131,11,11,FALSE,FALSE,TRUE,FALSE,Small Only,6,10,FALSE,65535,0
171,DEPART 1 F4,Interior,116,902,675,187,595,255,62,62,60,Gray,1064,1064,Normal,4,15,131,11,11,FALSE,FALSE,TRUE,FALSE,Small Only,6,10,FALSE,65535,0
172,DEPART 1 F5,Interior,117,903,676,188,596,255,62,62,60,Gray,1064,1064,Normal,4,15,131,11,11,FALSE,FALSE,TRUE,FALSE,Small Only,6,10,FALSE,65535,0
173,DEPART 1 F6,Interior,118,904,677,189,597,255,62,62,60,Gray,1064,1064,Normal,4,15,131,11,11,FALSE,FALSE,TRUE,FALSE,Small Only,6,8,FALSE,65535,0
174,DEPART 1 B1,Interior,59,95,356,193,118,255,62,62,60,Gray,1022,1022,Normal,4,15,131,11,11,FALSE,FALSE,TRUE,FALSE,All,8,8,FALSE,65535,0
175,DEPART 1 ELVA,Interior,262,905,678,396,598,255,44,44,42,Gray,1064,1064,Normal,4,15,131,11,11,FALSE,FALSE,TRUE,FALSE,Small Only,6,7,FALSE,65535,0
176,GLOBAL TWR F1,Interior,237,907,680,200,600,255,45,45,43,Gray,1154,1154,Normal,4,15,118,9,10,FALSE,FALSE,TRUE,FALSE,All,6,8,FALSE,65535,0
177,GLOBAL TWR F2,Interior,238,908,681,368,601,255,45,45,43,Gray,1154,1154,Normal,4,15,118,9,10,FALSE,FALSE,TRUE,FALSE,All,6,11,FALSE,65535,0
178,GLOBAL TWR F3,Interior,239,909,682,369,602,255,45,45,43,Gray,1154,1154,Normal,4,15,118,9,10,FALSE,FALSE,TRUE,FALSE,All,6,11,TRUE,65535,0
179,A HQ1 F1,Interior,28,29,290,54,65,255,36,36,34,Gray,1022,1022,Normal,4,15,208,10,10,FALSE,FALSE,TRUE,FALSE,All,6,11,TRUE,65535,0
180,A HQ1 F2,Interior,29,30,291,55,66,255,36,36,34,Gray,1022,1022,Normal,4,15,208,10,10,FALSE,FALSE,TRUE,FALSE,Small Only,6,3,FALSE,65535,0
181,A HQ1 F3,Interior,30,31,292,63,67,255,36,36,34,Gray,1022,1022,Normal,4,15,208,10,10,FALSE,FALSE,TRUE,FALSE,All,6,11,FALSE,65535,0
182,A HQ1 F4,Interior,31,32,293,80,68,255,36,36,34,Gray,1022,1022,Normal,4,15,208,10,10,FALSE,FALSE,TRUE,FALSE,Small Only,6,5,FALSE,65535,0
183,A HQ1 F5,Interior,32,33,294,83,69,255,36,36,34,Gray,1022,1022,Normal,4,15,208,10,10,FALSE,FALSE,TRUE,FALSE,Small Only,6,5,FALSE,65535,0
184,A HQ1 F6,Interior,110,34,295,85,70,255,61,61,59,Gray,1022,1022,Normal,4,15,208,10,10,FALSE,FALSE,TRUE,FALSE,Small Only,6,5,FALSE,65535,0
185,D HQ1 F1,Interior,28,29,290,87,65,255,36,36,34,Gray,1022,1022,Normal,4,15,208,10,10,FALSE,FALSE,TRUE,FALSE,Small Only,6,5,FALSE,65535,0
186,D HQ1 F2,Interior,29,30,291,88,66,255,36,36,34,Gray,1022,1022,Normal,4,15,208,10,10,FALSE,FALSE,TRUE,FALSE,Small Only,6,9,FALSE,65535,0
187,D HQ1 F3,Interior,30,31,292,89,67,255,36,36,34,Gray,1022,1022,Normal,4,15,208,10,10,FALSE,FALSE,TRUE,FALSE,Small Only,6,9,FALSE,65535,0
188,D HQ1 F4,Interior,31,32,293,90,68,255,36,36,34,Gray,1022,1022,Normal,4,15,208,10,10,FALSE,FALSE,TRUE,FALSE,Small Only,6,9,FALSE,65535,0
189,D HQ1 F5,Interior,32,33,294,91,69,255,36,36,34,Gray,1022,1022,Normal,4,15,208,10,10,FALSE,FALSE,TRUE,FALSE,Small Only,6,9,FALSE,65535,0
190,D HQ1 F6,Interior,110,34,295,92,70,255,61,61,59,Gray,1022,1022,Normal,4,15,208,10,10,FALSE,FALSE,TRUE,FALSE,Small Only,6,9,FALSE,65535,0
191,HOTEL 1 ELEVA,Interior,262,52,313,298,83,255,44,44,42,Gray,1042,1042,Normal,4,15,144,38,7,FALSE,FALSE,TRUE,FALSE,Small Only,6,5,FALSE,65535,0
192,TBD,TBD,TBD,TBD,TBD,TBD,TBD,TBD,TBD,TBD,TBD,TBD,TBD,TBD,TBD,TBD,TBD,TBD,TBD,TBD,TBD,TBD,TBD,TBD,TBD,TBD,TBD,TBD,TBD,TBD
193,TBD,TBD,TBD,TBD,TBD,TBD,TBD,TBD,TBD,TBD,TBD,TBD,TBD,TBD,TBD,TBD,TBD,TBD,TBD,TBD,TBD,TBD,TBD,TBD,TBD,TBD,TBD,TBD,TBD,TBD
194,TBD,TBD,TBD,TBD,TBD,TBD,TBD,TBD,TBD,TBD,TBD,TBD,TBD,TBD,TBD,TBD,TBD,TBD,TBD,TBD,TBD,TBD,TBD,TBD,TBD,TBD,TBD,TBD,TBD,TBD
195,TBD,TBD,TBD,TBD,TBD,TBD,TBD,TBD,TBD,TBD,TBD,TBD,TBD,TBD,TBD,TBD,TBD,TBD,TBD,TBD,TBD,TBD,TBD,TBD,TBD,TBD,TBD,TBD,TBD,TBD
196,ROTOM ELEVATO,Interior,262,839,612,400,539,255,44,44,42,Gray,1039,1039,Normal,4,15,6,40,7,FALSE,FALSE,TRUE,FALSE,Small Only,6,5,FALSE,65535,0
197,ROTOM TOWER,Interior,189,837,610,359,537,255,39,39,37,Gray,1039,1039,Normal,4,15,148,40,7,FALSE,FALSE,TRUE,FALSE,Small Only,6,5,FALSE,65535,0
198,ROTOM ROOM,Interior,241,838,611,360,538,255,39,39,37,Gray,1039,1039,Normal,4,15,121,40,7,FALSE,FALSE,TRUE,FALSE,Unallowed,6,5,FALSE,65535,0
199,SYDT TWR F1,Interior,119,139,399,93,3,255,63,63,61,Gray,1022,1022,Normal,4,15,131,0,0,FALSE,FALSE,TRUE,FALSE,Small Only,6,5,FALSE,65535,0
200,SYDT TWR F2,Interior,120,139,399,95,3,255,63,63,61,Gray,1022,1022,Normal,4,15,131,0,0,FALSE,FALSE,TRUE,FALSE,Small Only,6,5,FALSE,65535,0
201,SYDT TWR F3,Interior,121,139,399,99,3,255,63,63,61,Gray,1022,1022,Normal,4,15,131,0,0,FALSE,FALSE,TRUE,FALSE,Small Only,6,5,FALSE,65535,0
202,SYDT TWR F4,Interior,122,139,399,101,3,255,63,63,61,Gray,1022,1022,Normal,4,15,131,0,0,FALSE,FALSE,TRUE,FALSE,Small Only,6,5,FALSE,65535,0
203,SYDT TWR F5,Interior,123,139,399,102,3,255,63,63,61,Gray,1022,1022,Normal,4,15,131,0,0,FALSE,FALSE,TRUE,FALSE,Small Only,6,5,FALSE,65535,0
204,SYDT TWR F6,Interior,124,139,399,105,3,255,63,63,61,Gray,1022,1022,Normal,4,15,131,0,0,FALSE,FALSE,TRUE,FALSE,Small Only,6,5,FALSE,65535,0
205,HOTEL 1 F1,Interior,221,796,569,333,501,255,39,39,37,Gray,1042,1042,Normal,4,15,144,38,7,FALSE,FALSE,TRUE,FALSE,Small Only,6,5,FALSE,65535,0
206,HOTEL 1 F2,Interior,222,797,570,334,502,255,39,39,37,Gray,1042,1042,Normal,4,15,144,38,7,FALSE,FALSE,TRUE,FALSE,Small Only,6,5,FALSE,65535,0
207,HOTEL 1 HS16,Interior,97,892,665,196,586,255,25,25,25,Gray,1021,1021,Normal,4,15,5,15,8,FALSE,FALSE,TRUE,FALSE,Small Only,6,5,FALSE,65535,0
208,HOTEL 1 F3,Interior,222,120,381,314,502,255,39,39,37,Gray,1042,1042,Normal,4,15,144,38,7,FALSE,FALSE,TRUE,FALSE,Small Only,6,5,FALSE,65535,0
209,HOTEL 1 HS17,Interior,96,891,664,197,585,255,25,25,25,Gray,1021,1021,Normal,4,15,5,15,8,FALSE,FALSE,TRUE,FALSE,Small Only,6,5,FALSE,65535,0
210,HOTEL 1 F4,Interior,205,797,570,310,502,255,39,39,37,Gray,1042,1042,Normal,4,15,144,38,7,FALSE,FALSE,TRUE,FALSE,Small Only,6,5,FALSE,65535,0
211,HOTEL 1 HS18,Interior,96,897,670,198,590,255,25,25,25,Gray,1021,1021,Normal,4,15,5,15,8,FALSE,FALSE,TRUE,FALSE,Small Only,6,5,FALSE,65535,0
212,LIGHT H 01 F1,Cave,47,62,323,112,93,255,47,47,45,Gray,1078,1078,Normal,0,15,6,9,8,FALSE,TRUE,TRUE,FALSE,Small Only,6,5,FALSE,65535,0
213,LIGHT H 01 F2,Cave,48,139,399,206,3,255,47,47,45,Gray,1078,1078,Normal,0,15,6,9,8,FALSE,FALSE,TRUE,FALSE,Small Only,8,5,FALSE,65535,0
214,LIGHT H 01 F3,Cave,49,63,324,207,3,255,74,74,72,Gray,1078,1078,Normal,3,15,6,9,8,TRUE,FALSE,TRUE,FALSE,Small Only,2,10,FALSE,0,257
215,LIGHT H 01 F4,Cave,50,139,399,208,3,255,47,47,45,Gray,1078,1078,Normal,0,15,212,9,8,FALSE,FALSE,TRUE,FALSE,Small Only,8,10,FALSE,65535,0
216,LIGHT H 01 F5,Cave,51,64,325,209,3,255,47,47,45,Gray,1078,1078,Normal,0,15,212,9,8,FALSE,FALSE,TRUE,FALSE,Small Only,8,7,FALSE,65535,0
217,LIGHT H 01 F6,Cave,52,65,326,210,3,255,47,47,45,Gray,1078,1078,Normal,0,15,212,9,8,FALSE,FALSE,TRUE,FALSE,All,8,10,FALSE,65535,0
218,LIGHT H 01 F7,Cave,131,66,327,211,94,255,89,89,87,Gray,1078,1078,Normal,0,15,212,9,8,FALSE,FALSE,TRUE,FALSE,All,8,9,FALSE,65535,513
219,LIGHT H 01 EL,Interior,262,67,328,401,95,255,44,44,42,Gray,1078,1078,Normal,4,15,212,9,8,FALSE,FALSE,TRUE,FALSE,Small Only,6,5,FALSE,65535,0
220,BAIR 08 GH04,Interior,70,872,645,97,569,255,63,63,61,Gray,1022,1022,Normal,4,15,7,11,9,FALSE,FALSE,TRUE,TRUE,Small Only,6,9,FALSE,65535,0
221,RT 11 AREA 1,Route,0,210,455,23,358,110,4,4,4,Field,1056,1056,Normal,0,15,235,0,0,TRUE,FALSE,TRUE,TRUE,Small Only,0,9,FALSE,2,257
222,RT 11 AREA 2,Route,0,210,455,23,358,111,4,4,4,Field,1056,1056,Normal,0,15,245,0,0,TRUE,FALSE,TRUE,TRUE,Small Only,0,9,FALSE,2,257
223,RT 11 AREA 3,Route,0,210,455,23,358,112,4,4,4,Field,1056,1056,Normal,0,15,235,0,0,TRUE,FALSE,TRUE,TRUE,Small Only,0,9,FALSE,2,257
224,RT 11 AREA 4,Route,0,210,455,23,358,113,4,4,4,Field,1056,1056,Normal,0,15,243,0,0,TRUE,FALSE,TRUE,TRUE,Small Only,0,9,FALSE,2,257
225,RT 11 AREA 5,Route,0,210,455,23,358,112,4,4,4,Field,1056,1056,Normal,0,15,235,0,0,TRUE,FALSE,TRUE,TRUE,Small Only,0,9,FALSE,2,257
226,GIGAS CAVE 1,Cave,44,102,227,225,54,255,114,114,13,Cave,1074,1074,Fog (variant 1),0,15,236,10,6,FALSE,FALSE,TRUE,FALSE,Small Only,6,6,FALSE,65535,1
227,GIGAS CAVE 2,Cave,44,102,339,225,54,255,114,114,13,Cave,1074,1074,Fog (variant 1),0,15,236,10,6,FALSE,FALSE,TRUE,FALSE,Small Only,6,6,FALSE,65535,1
228,SYDT 05 HS19,Interior,97,916,689,214,608,255,25,25,25,Gray,1024,1024,Normal,4,15,132,8,7,FALSE,FALSE,TRUE,FALSE,Small Only,6,6,FALSE,65535,0
229,SYDT DOCK 01,Interior,137,152,402,226,255,255,63,63,61,Gray,1024,1024,Normal,4,15,6,8,8,FALSE,FALSE,TRUE,FALSE,Small Only,6,6,FALSE,65535,0
230,SYDT DOCK 02,City/Town,178,153,403,301,256,255,94,94,92,Wall,1024,1024,Normal,0,15,6,8,8,TRUE,FALSE,TRUE,FALSE,Small Only,2,6,FALSE,0,257
231,SYDT 06 GH03,Interior,70,872,645,97,569,255,63,63,61,Gray,1022,1022,Normal,4,15,6,11,9,FALSE,FALSE,TRUE,TRUE,Small Only,6,6,FALSE,65535,0
232,SYD FOREST 01,Route,0,92,353,114,115,55,4,4,4,Field,1073,1073,Normal,0,15,235,0,0,TRUE,FALSE,TRUE,TRUE,All,0,4,FALSE,2,257
233,SYD FOREST 02,Route,0,92,353,114,115,56,4,4,4,Field,1073,1073,Normal,0,15,235,0,0,TRUE,FALSE,TRUE,TRUE,Small Only,0,4,FALSE,2,257
234,SYD FOREST 03,Route,0,92,353,114,115,57,4,4,4,Field,1073,1073,Normal,0,15,235,0,0,TRUE,FALSE,TRUE,TRUE,Small Only,0,4,FALSE,2,257
235,SYD FOREST 04,Route,0,92,353,114,115,58,4,4,4,Field,1073,1073,Normal,0,15,235,0,0,TRUE,FALSE,TRUE,TRUE,Small Only,0,4,FALSE,2,257
236,SYD FOREST 05,Route,0,92,353,114,115,59,4,4,4,Field,1073,1073,Normal,0,15,235,0,0,TRUE,FALSE,TRUE,TRUE,Small Only,0,4,FALSE,2,257
237,SYD FOREST 06,Route,0,92,353,114,115,60,4,4,4,Field,1073,1073,Normal,0,15,235,0,0,TRUE,FALSE,TRUE,TRUE,All,0,8,FALSE,2,257
238,SYD FOREST 07,Route,0,92,353,114,115,61,4,4,4,Field,1073,1073,Normal,0,15,235,0,0,TRUE,FALSE,TRUE,TRUE,All,0,8,FALSE,2,257
239,SYD FOREST 08,Route,0,92,353,114,115,62,4,4,4,Field,1073,1073,Normal,0,15,235,0,0,TRUE,FALSE,TRUE,TRUE,All,0,8,FALSE,2,257
240,RT 12 AREA 1,Route,0,205,450,21,354,63,4,4,4,Field,1056,1056,Normal,0,15,235,0,0,TRUE,FALSE,TRUE,TRUE,All,0,10,FALSE,2,257
241,SYDT 06 GV06,Interior,69,239,484,165,386,255,63,63,61,Gray,1022,1022,Normal,4,15,6,11,9,FALSE,FALSE,TRUE,TRUE,Small Only,6,4,FALSE,65535,0
242,RT 9 AREA 1,Route,0,202,447,43,351,102,8,4,8,Field,1031,1031,Normal,0,15,235,0,0,TRUE,FALSE,TRUE,TRUE,All,0,11,FALSE,2,257
243,RT 9 AREA 2,Route,0,202,447,43,351,103,8,4,8,Field,1031,1031,Normal,0,15,235,0,0,TRUE,FALSE,TRUE,TRUE,All,0,11,FALSE,2,257
244,RT 9 AREA 3,Route,0,202,447,43,351,104,8,4,8,Field,1031,1031,Normal,0,15,235,0,0,TRUE,FALSE,TRUE,TRUE,All,0,11,FALSE,2,257
245,RT 9 HS32,Interior,147,220,465,268,367,255,42,42,40,Gray,1062,1062,Normal,4,15,174,28,11,FALSE,FALSE,TRUE,FALSE,Small Only,6,10,FALSE,65535,0
246,RT 9 AREA 4,Route,0,202,447,43,351,105,8,4,8,Field,1031,1031,Normal,0,15,235,0,0,TRUE,FALSE,TRUE,TRUE,All,0,10,FALSE,2,257
247,RT 9 AREA 5,Route,0,202,447,43,351,106,8,4,8,Field,1031,1031,Normal,0,15,235,0,0,TRUE,FALSE,TRUE,TRUE,All,0,10,FALSE,2,257
248,RT 10 AREA 1,Route,0,203,448,20,352,107,8,4,8,Field,1032,1032,Normal,0,15,235,0,0,TRUE,FALSE,TRUE,TRUE,All,0,10,FALSE,2,257
249,RT 10 AREA 2,Route,0,203,448,20,352,108,8,4,8,Field,1032,1032,Normal,0,15,235,0,0,TRUE,FALSE,TRUE,TRUE,All,0,10,FALSE,2,257
250,BAIRNS TOWN,City/Town,0,875,648,72,572,109,8,4,8,Wall,1025,1025,Normal,0,15,7,0,0,TRUE,FALSE,TRUE,TRUE,All,2,8,FALSE,2,257
251,BAIR 01 PC07,Interior,73,887,660,178,583,255,26,26,26,Gray,1063,1063,Normal,4,15,237,14,13,FALSE,FALSE,TRUE,FALSE,All,6,8,FALSE,65535,0
252,BAIR 02 PCR07,Interior,77,888,661,205,3,255,26,26,26,Gray,1063,1063,Normal,4,15,131,11,11,FALSE,FALSE,TRUE,FALSE,All,6,8,FALSE,65535,0
253,BAIR 03 PM05,Interior,104,912,685,213,605,255,27,27,27,Gray,1064,1064,Normal,4,15,7,13,14,FALSE,FALSE,TRUE,FALSE,All,6,11,FALSE,65535,0
254,BAIR 04 GYM05,Gym,94,943,716,137,631,255,35,35,35,Gray,1065,1065,Normal,0,15,7,0,0,FALSE,FALSE,TRUE,FALSE,Small Only,6,10,FALSE,65535,0
255,BAIR 05 DCARE,Interior,179,238,483,302,385,255,27,27,27,Gray,1032,1032,Normal,4,15,182,11,12,FALSE,FALSE,TRUE,FALSE,Unallowed,6,10,FALSE,65535,0
256,BAIR 06 HS20,Interior,97,917,690,215,609,255,25,25,25,Gray,1025,1025,Normal,4,15,7,8,7,FALSE,FALSE,TRUE,FALSE,Unallowed,6,10,FALSE,65535,0
257,BAIR 07 HS21,Interior,97,918,691,216,610,255,25,25,25,Gray,1025,1025,Normal,4,15,7,8,7,FALSE,FALSE,TRUE,FALSE,Unallowed,6,10,FALSE,65535,0
258,BIKE GATE 1,Interior,69,207,452,376,356,255,63,63,61,Gray,1025,1025,Normal,4,15,7,11,9,FALSE,FALSE,TRUE,TRUE,Small Only,6,10,FALSE,65535,0
259,BIKE ROAD TOP,Route,0,209,454,22,357,10,8,4,8,Field,1056,1056,Normal,0,15,235,0,0,TRUE,FALSE,TRUE,TRUE,All,0,10,FALSE,2,257
260,BIKE GATE 2,Interior,69,211,456,378,359,255,63,63,61,Gray,1056,1056,Normal,4,15,160,11,9,FALSE,FALSE,TRUE,TRUE,Small Only,6,10,FALSE,65535,0
261,RT 12 AREA 2,Route,0,205,450,21,354,114,4,4,4,Field,1056,1056,Normal,0,15,235,0,0,TRUE,FALSE,TRUE,TRUE,All,0,10,FALSE,2,257
262,RT 12 AREA 3,Route,0,205,450,21,354,115,4,4,4,Field,1056,1056,Normal,0,15,235,0,0,TRUE,FALSE,TRUE,TRUE,Unallowed,0,10,FALSE,2,257
263,WAYUP CAVE,Cave,0,216,461,26,363,10,10,4,10,Cave,1035,1035,Normal,0,15,236,0,0,TRUE,FALSE,TRUE,TRUE,All,0,10,FALSE,2,257
264,SPIRAL CV1 F1,Cave,0,212,457,24,360,10,10,4,10,Cave,1034,1034,Normal,0,15,236,0,0,TRUE,FALSE,TRUE,TRUE,All,0,10,FALSE,2,257
265,SPIRAL CV2 F1,Cave,0,215,460,25,362,10,10,4,10,Cave,1034,1034,Normal,0,15,236,0,0,TRUE,FALSE,TRUE,TRUE,Unallowed,0,10,FALSE,2,257
266,BROKEN HEADER,Interior,0,0,0,0,0,255,0,0,0,Gray,1022,1022,Normal,0,15,7,0,0,FALSE,FALSE,FALSE,FALSE,Unallowed,0,10,FALSE,2,257
267,BROKEN HEADER,Interior,0,0,0,0,0,255,0,0,0,Gray,1022,1022,Normal,0,15,7,0,0,FALSE,FALSE,FALSE,FALSE,All,0,10,FALSE,2,257
268,BURNT TWR F1,Cave,25,23,284,5,60,116,78,78,76,Cave,1076,1076,Normal,0,15,206,11,4,FALSE,TRUE,TRUE,FALSE,Unallowed,8,10,FALSE,65535,1
269,BURNT TWR F2,Cave,26,24,285,204,61,116,78,78,76,Cave,1076,1076,Normal,0,15,242,11,4,FALSE,TRUE,TRUE,FALSE,Unallowed,8,10,FALSE,65535,1
270,BROKEN HEADER,Interior,0,0,0,0,0,255,0,0,0,Gray,1022,1022,Normal,0,15,7,0,0,FALSE,FALSE,FALSE,FALSE,All,0,10,FALSE,2,257
271,BROKEN HEADER,Interior,0,0,0,0,0,255,0,0,0,Gray,1022,1022,Normal,0,15,7,0,0,FALSE,FALSE,FALSE,FALSE,Unallowed,0,10,FALSE,2,257
272,BROKEN HEADER,Interior,0,0,0,0,0,255,0,0,0,Gray,1022,1022,Normal,0,15,7,0,0,FALSE,FALSE,FALSE,FALSE,All,0,9,FALSE,2,257
273,BROKEN HEADER,Interior,0,0,0,0,0,255,0,0,0,Gray,1022,1022,Normal,0,15,7,0,0,FALSE,FALSE,FALSE,FALSE,All,0,9,FALSE,2,257
274,BROKEN HEADER,Interior,0,0,0,0,0,255,0,0,0,Gray,1022,1022,Normal,0,15,7,0,0,FALSE,FALSE,FALSE,FALSE,All,0,10,FALSE,2,257
275,ULURU 1 A1,Cave,43,218,463,27,365,116,13,13,13,Cave,1168,1168,Low Light,0,15,236,7,7,FALSE,FALSE,TRUE,FALSE,All,6,10,FALSE,2,1
276,ULURU 1 A2,Cave,43,218,463,27,365,117,13,13,13,Cave,1168,1168,Low Light,0,15,236,7,7,FALSE,FALSE,TRUE,FALSE,All,6,10,FALSE,2,1
277,ULURU 1 A3,Cave,43,218,463,27,365,118,13,13,13,Cave,1168,1168,Low Light,0,15,236,7,7,FALSE,FALSE,TRUE,FALSE,All,6,10,FALSE,2,1
278,RT 14 AREA 1,Route,0,221,466,28,369,119,9,9,9,Field,1056,1056,Snow,0,15,235,0,0,TRUE,FALSE,TRUE,TRUE,All,5,10,FALSE,2,257
279,SHEDSNOW TOWN,City/Town,0,911,684,74,604,119,9,9,9,Town,1024,1024,Snow,0,15,8,0,0,TRUE,FALSE,TRUE,TRUE,All,2,10,FALSE,2,257
280,SHED 01 PC08,Interior,73,914,687,212,607,255,26,26,26,Gray,1063,1063,Normal,4,15,237,14,13,FALSE,FALSE,TRUE,FALSE,Small Only,6,13,FALSE,65535,0
281,SHED 02 PCR08,Interior,77,780,553,316,3,255,26,26,26,Gray,1063,1063,Normal,4,15,132,8,8,FALSE,FALSE,TRUE,FALSE,Small Only,6,13,FALSE,65535,0
282,SHED 03 PM06,Interior,104,942,715,263,630,255,27,27,27,Gray,1064,1064,Normal,4,15,7,13,14,FALSE,FALSE,TRUE,FALSE,Small Only,6,13,FALSE,65535,0
283,SHED 04 HS22,Interior,95,880,653,218,576,255,25,25,25,Gray,1024,1024,Normal,4,15,8,8,7,FALSE,FALSE,TRUE,FALSE,All,6,13,FALSE,65535,0
284,SHED 05 HS23,Interior,139,881,654,219,577,255,27,27,27,Gray,1024,1024,Normal,4,15,8,8,7,FALSE,FALSE,TRUE,FALSE,Small Only,6,13,FALSE,65535,0
285,SHED 04 HS24,Interior,97,882,655,220,578,255,25,25,25,Gray,1024,1024,Normal,4,15,8,8,7,FALSE,FALSE,TRUE,FALSE,All,6,13,FALSE,65535,0
286,RT 14 AREA 5,Route,0,221,466,28,369,123,9,9,9,Field,1056,1056,Blizzard,0,15,235,0,0,TRUE,FALSE,TRUE,TRUE,All,5,13,FALSE,2,257
287,RT 14 AREA 6,Route,0,221,466,28,369,124,9,9,9,Field,1056,1056,Blizzard,0,15,235,0,0,TRUE,FALSE,TRUE,TRUE,Small Only,5,13,FALSE,2,257
288,RT 14 AREA 2,Route,0,221,466,28,369,120,9,9,9,Field,1056,1056,Snow,0,15,235,0,0,TRUE,FALSE,TRUE,TRUE,Small Only,5,11,FALSE,2,257
289,RT 14 AREA 3,Route,0,221,466,28,369,121,9,9,9,Water,1056,1056,Snow,0,15,250,0,0,TRUE,FALSE,TRUE,TRUE,Small Only,5,10,FALSE,2,257
290,RT 14 AREA 4,Route,0,221,466,28,369,122,9,9,9,Field,1056,1056,Blizzard,0,15,235,0,0,TRUE,FALSE,TRUE,TRUE,Small Only,5,10,FALSE,2,257
291,ICE PATH C1,Cave,132,12,273,106,52,125,76,76,74,Cave,1080,1080,Normal,0,15,236,10,6,FALSE,FALSE,TRUE,FALSE,Small Only,6,10,FALSE,65535,1
292,ICE PATH C2,Cave,133,53,273,442,52,125,76,76,74,Cave,1080,1080,Normal,0,15,236,10,6,FALSE,FALSE,TRUE,FALSE,Small Only,6,10,FALSE,65535,1
293,ICE PATH C3,Cave,134,54,315,443,52,126,76,76,74,Cave,1080,1080,Normal,0,15,236,10,6,FALSE,FALSE,TRUE,FALSE,Small Only,6,10,FALSE,65535,1
294,RELIC CAVE 1,Cave,162,109,370,171,588,127,70,70,68,Cave,1077,1077,Normal,0,15,236,10,6,FALSE,TRUE,TRUE,TRUE,Small Only,10,9,FALSE,1,1
295,RELIC CAVE 2,Cave,162,109,370,171,588,128,70,70,68,Cave,1077,1077,Normal,0,15,236,10,6,FALSE,TRUE,TRUE,TRUE,All,10,9,FALSE,1,1
296,RELIC CAVE 3,Cave,162,109,370,171,588,129,70,70,68,Cave,1077,1077,Normal,0,15,236,10,6,FALSE,TRUE,TRUE,TRUE,Small Only,10,12,TRUE,1,1
297,DRAGON CAVE,Cave,146,894,667,191,588,116,86,86,84,Cave,1081,1081,Normal,0,15,236,10,6,FALSE,TRUE,TRUE,TRUE,All,10,12,FALSE,1,1
298,DRAGON DEN,Interior,149,112,373,259,130,255,42,42,40,Gray,1081,1081,Normal,4,15,236,10,6,FALSE,FALSE,TRUE,FALSE,Small Only,8,11,FALSE,65535,0
299,DALICE STRING,City/Town,0,920,693,75,612,137,10,4,10,Town,1023,1023,Normal,0,15,12,0,0,TRUE,FALSE,TRUE,TRUE,Small Only,2,12,TRUE,2,257
300,DALI 01 PC09,Interior,73,878,651,222,575,255,26,26,26,Gray,1063,1063,Normal,4,15,237,14,13,FALSE,FALSE,TRUE,FALSE,Small Only,6,12,TRUE,65535,0
301,DALI 02 PCR09,Interior,77,915,688,232,3,255,26,26,26,Gray,1063,1063,Normal,4,15,132,8,8,FALSE,FALSE,TRUE,FALSE,Small Only,6,12,TRUE,65535,0
302,DALI 03 PM07,Interior,104,777,550,317,484,255,27,27,27,Gray,1064,1064,Normal,4,15,12,40,9,FALSE,FALSE,TRUE,FALSE,Small Only,6,12,TRUE,65535,0
303,DALI 04 GYM06,Gym,255,778,551,322,485,255,49,49,47,Gray,1065,1065,Normal,4,15,12,0,0,FALSE,FALSE,TRUE,FALSE,Small Only,6,12,TRUE,65535,0
304,DALI 05 HS25,Interior,95,883,656,221,579,255,25,25,25,Gray,1023,1023,Normal,4,15,12,8,7,FALSE,FALSE,TRUE,FALSE,Small Only,6,12,TRUE,65535,0
305,DALI 06 HS26,Interior,95,946,719,260,633,255,25,25,25,Gray,1023,1023,Normal,4,15,12,8,7,FALSE,FALSE,TRUE,FALSE,Small Only,6,12,TRUE,65535,0
306,DALI 07 HS27,Interior,95,947,720,261,634,255,25,25,25,Gray,1023,1023,Normal,4,15,12,8,7,FALSE,FALSE,TRUE,FALSE,Unallowed,6,12,TRUE,65535,0
307,DALI 08 HS28,Interior,95,948,721,262,635,255,25,25,25,Gray,1023,1023,Normal,4,15,12,8,7,FALSE,FALSE,TRUE,FALSE,Small Only,6,10,FALSE,65535,0
308,DALI 09 HS29,Interior,66,939,712,265,627,255,25,25,25,Gray,1023,1023,Normal,4,15,12,8,7,FALSE,FALSE,TRUE,FALSE,Small Only,6,10,FALSE,65535,0
309,DALI 10 HS52,Interior,97,814,587,436,518,255,25,25,25,Gray,1023,1023,Normal,4,15,12,8,7,FALSE,FALSE,TRUE,FALSE,Small Only,6,10,FALSE,65535,0
310,DALI 10 HS53,Interior,96,746,519,449,456,255,25,25,25,Gray,1023,1023,Normal,4,15,12,8,7,FALSE,FALSE,TRUE,FALSE,Small Only,6,10,FALSE,65535,0
311,DALI 10 HS54,Interior,66,224,469,462,372,255,25,25,25,Gray,1023,1023,Normal,4,15,12,8,7,FALSE,FALSE,TRUE,FALSE,Small Only,6,10,FALSE,65535,0
312,RT 19 AREA 1,Route,0,223,468,29,371,144,10,4,10,Wood,1157,1157,Normal,0,15,235,13,8,TRUE,FALSE,TRUE,FALSE,All,8,9,FALSE,2,257
313,RT 19 AREA 2,Route,0,223,468,29,371,145,10,4,10,Wood,1157,1157,Normal,0,15,235,13,8,TRUE,FALSE,TRUE,FALSE,All,8,9,FALSE,2,257
314,RT 19 AREA 3,Route,0,223,468,29,371,146,10,4,10,Wood,1157,1157,Normal,0,15,235,13,8,TRUE,FALSE,TRUE,FALSE,All,8,9,FALSE,2,257
315,ULURU 2 A1,Cave,35,225,470,30,373,147,13,13,13,Cave,1168,1168,Normal,0,15,236,7,7,FALSE,FALSE,TRUE,FALSE,All,6,9,FALSE,2,1
316,ULURU 2 A2,Cave,233,225,470,30,373,148,57,57,55,Cave,1168,1168,Normal,0,15,236,7,7,FALSE,FALSE,TRUE,FALSE,Small Only,6,9,FALSE,65535,0
317,RT 13 AREA 1,Route,0,227,472,31,375,151,4,4,4,Forest,1060,1060,Normal,0,15,235,13,8,TRUE,FALSE,TRUE,FALSE,Small Only,8,9,FALSE,2,257
318,RT 13 AREA 2,Route,0,227,472,31,375,151,4,4,4,Forest,1060,1060,Normal,0,15,235,13,8,TRUE,FALSE,TRUE,FALSE,Small Only,8,9,FALSE,2,257
319,RT 13 AREA 3,Route,0,227,472,31,375,152,4,4,4,Forest,1060,1060,Normal,0,15,235,13,8,TRUE,FALSE,TRUE,FALSE,Small Only,8,9,FALSE,2,257
320,RT 13 AREA 4,Route,0,227,472,31,375,152,4,4,4,Forest,1060,1060,Normal,0,15,235,13,8,TRUE,FALSE,TRUE,FALSE,Small Only,8,9,FALSE,2,257
321,RT 13 AREA 5,Route,0,227,472,31,375,150,4,4,4,Forest,1060,1060,Normal,0,15,245,13,8,TRUE,FALSE,TRUE,FALSE,Small Only,8,9,FALSE,2,257
322,RT 13 AREA 6,Route,0,227,472,31,375,150,4,4,4,Forest,1060,1060,Normal,0,15,245,13,8,TRUE,FALSE,TRUE,FALSE,Small Only,8,12,TRUE,2,257
323,RT 13 AREA 7,Route,0,227,472,31,375,149,4,4,4,Forest,1060,1060,Normal,0,15,245,13,8,TRUE,FALSE,TRUE,FALSE,Small Only,8,9,FALSE,2,257
324,ULURU 3 A1,Cave,38,230,475,32,378,153,13,13,13,Cave,1168,1168,Normal,0,15,236,7,7,FALSE,FALSE,TRUE,FALSE,Small Only,6,9,FALSE,2,1
325,ULURU 3 A2,Cave,233,230,475,32,378,154,57,57,55,Cave,1168,1168,Normal,0,15,236,7,7,FALSE,FALSE,TRUE,FALSE,Small Only,6,9,FALSE,65535,0
326,MT UNDARA 1,Route,53,232,477,33,380,155,112,112,112,Cave,1081,1081,Normal,0,15,235,7,7,FALSE,FALSE,TRUE,FALSE,Small Only,10,9,FALSE,2,1
327,MT UNDARA 2,Route,53,232,477,33,380,156,112,112,112,Cave,1081,1081,Normal,0,15,235,7,7,FALSE,FALSE,TRUE,FALSE,Small Only,6,9,FALSE,2,1
328,MT UNDARA 3,Route,53,232,477,33,380,157,112,112,112,Cave,1081,1081,Normal,0,15,235,7,7,FALSE,FALSE,TRUE,FALSE,Small Only,6,10,FALSE,2,1
329,MT UNDARA 4,Route,53,232,477,33,380,159,112,112,112,Cave,1081,1081,Normal,0,15,235,7,7,FALSE,FALSE,TRUE,FALSE,Small Only,6,10,FALSE,2,1
330,UNDARA ENCOUN,Cave,54,741,514,47,452,158,112,112,112,Cave,1081,1081,Normal,0,15,242,7,7,FALSE,TRUE,TRUE,FALSE,All,10,10,FALSE,2,1
331,UNDARA CAVE,Cave,55,259,504,45,406,160,112,112,112,Cave,1081,1081,Normal,0,15,235,7,7,FALSE,TRUE,TRUE,FALSE,Small Only,10,10,FALSE,2,1
332,UNDARA VOLC 1,Cave,56,258,503,44,405,161,112,112,112,Cave,1081,1081,Normal,0,15,235,7,7,FALSE,TRUE,TRUE,FALSE,All,10,9,FALSE,2,1
333,UNDARA VOLC 2,Cave,56,258,503,44,405,162,112,112,112,Cave,1081,1081,Normal,0,15,235,7,7,FALSE,TRUE,TRUE,FALSE,All,10,9,FALSE,2,1
334,GROUDON DEN,Cave,279,133,394,476,148,255,99,99,97,Cave,1073,1073,Normal,0,15,242,2,12,FALSE,TRUE,TRUE,FALSE,All,9,9,FALSE,65535,1
335,PRIMAL CAVE 1,Cave,233,236,481,34,383,255,13,13,13,Cave,1081,1081,Normal,16,15,236,7,7,FALSE,FALSE,TRUE,FALSE,All,6,9,FALSE,2,1
336,PRIMAL CAVE 2,Cave,233,236,481,34,383,255,57,57,55,Cave,1081,1081,Normal,16,15,236,7,7,FALSE,FALSE,TRUE,FALSE,All,6,9,FALSE,65535,0
337,SPIRAL CAVE,Cave,233,236,481,34,383,255,57,57,55,Cave,1081,1081,Normal,16,15,236,7,7,FALSE,FALSE,TRUE,FALSE,All,6,9,FALSE,65535,0
338,SHALLOW C 1,Cave,234,237,482,35,384,255,13,13,13,Cave,1081,1081,Normal,16,15,236,7,7,FALSE,FALSE,TRUE,FALSE,All,6,9,FALSE,2,1
339,SHALLOW C 2,Cave,234,237,482,35,384,255,13,13,13,Cave,1081,1081,Normal,16,15,236,7,7,FALSE,FALSE,TRUE,FALSE,All,6,9,FALSE,2,1
340,SHALLOW C 3,Cave,234,237,482,35,384,255,13,13,13,Cave,1081,1081,Normal,16,15,236,7,7,FALSE,FALSE,TRUE,FALSE,All,6,9,FALSE,2,1
341,SHALLOW C 4,Cave,234,237,482,35,384,9,13,13,13,Cave,1073,1073,Normal,0,15,236,44,4,FALSE,TRUE,TRUE,TRUE,All,9,9,FALSE,2,1
342,KYOGRE DEN,Cave,284,134,395,477,149,255,99,99,97,Cave,1073,1073,Normal,0,15,242,2,12,FALSE,TRUE,TRUE,FALSE,All,9,11,FALSE,65535,1
343,RT 15 AREA 1,Route,0,240,485,36,387,255,4,4,4,Gray,1081,1081,Normal,16,15,235,7,7,FALSE,FALSE,TRUE,FALSE,All,6,8,FALSE,2,257
344,SKY PILLAR,Cave,37,240,485,484,387,255,110,110,110,Gray,1081,1081,Normal,16,15,236,7,7,FALSE,FALSE,TRUE,FALSE,All,6,8,FALSE,65535,0
345,RAYQUAZA DEN,Cave,285,135,396,478,150,255,99,99,97,Cave,1073,1073,Normal,0,15,242,2,12,FALSE,TRUE,TRUE,FALSE,All,9,8,FALSE,65535,1
346,ULURU 4 A1,Cave,0,243,488,37,390,255,6,4,6,Cave,1034,1034,Normal,4,15,202,0,0,FALSE,TRUE,TRUE,FALSE,All,0,8,FALSE,2,257
347,ULURU 4 A2,Cave,0,243,488,37,390,255,6,4,6,Cave,1034,1034,Normal,4,15,202,0,0,FALSE,TRUE,TRUE,FALSE,All,0,8,FALSE,2,257
348,SPEAR PLR 1,Cave,6,246,491,38,393,255,6,4,6,Cave,1034,1034,Normal,0,15,202,0,0,FALSE,TRUE,TRUE,FALSE,All,0,8,FALSE,2,257
349,SPEAR PLR 2,Cave,6,246,491,38,393,255,6,4,6,Cave,1034,1034,Normal,0,15,202,0,0,FALSE,TRUE,TRUE,FALSE,All,0,8,FALSE,2,257
350,ULURU 4 A3,Cave,0,243,488,37,390,255,6,4,6,Cave,1034,1034,Normal,4,15,202,0,0,FALSE,TRUE,TRUE,FALSE,All,0,8,FALSE,2,257
351,RT 18 AREA 1,Route,0,247,492,39,394,255,11,4,11,Field,1037,1037,Sandstorm,0,15,235,0,0,TRUE,FALSE,TRUE,FALSE,All,0,8,FALSE,2,257
352,RT 18 AREA 2,Route,0,247,492,39,394,255,11,4,11,Field,1037,1037,Sandstorm,0,15,235,0,0,TRUE,FALSE,TRUE,FALSE,All,0,8,FALSE,2,257
353,RT 18 AREA 3,Route,0,247,492,39,394,255,11,4,11,Field,1037,1037,Sandstorm,0,15,235,0,0,TRUE,FALSE,TRUE,FALSE,All,0,8,FALSE,2,257
354,RT 18 AREA 4,Route,0,247,492,39,394,255,11,4,11,Field,1037,1037,Sandstorm,0,15,235,0,0,TRUE,FALSE,TRUE,FALSE,All,0,8,FALSE,2,257
355,RADELAIDE CTY,Cave,0,941,714,86,629,255,11,4,11,Field,1027,1027,Normal,0,15,11,0,0,TRUE,FALSE,TRUE,TRUE,All,0,8,FALSE,2,257
356,RADE 01 GV09,Interior,69,172,417,373,323,255,63,63,61,Gray,1027,1027,Normal,4,15,202,0,0,FALSE,FALSE,TRUE,TRUE,Small Only,6,8,FALSE,65535,0
357,RADE 02 PC10,Interior,73,935,708,232,624,91,26,26,26,Gray,1063,1063,Normal,4,15,237,0,0,FALSE,FALSE,TRUE,FALSE,All,6,8,FALSE,65535,0
358,RADE 03 PCR10,Interior,77,936,709,325,3,255,26,26,26,Gray,1063,1063,Normal,4,15,237,0,0,FALSE,FALSE,TRUE,FALSE,Small Only,6,12,TRUE,65535,0
359,RADE 04 PM08,Interior,104,828,601,365,530,255,27,27,27,Gray,1064,1064,Normal,4,15,12,40,9,FALSE,FALSE,TRUE,FALSE,Small Only,6,12,TRUE,65535,0
360,RADE 05 GYM07,Gym,87,859,632,131,558,255,116,116,116,Gray,1065,1065,Normal,4,15,12,0,0,FALSE,FALSE,TRUE,FALSE,Small Only,6,12,TRUE,65535,0
361,RADE 06 HS30,Interior,95,940,713,266,628,255,25,25,25,Gray,1027,1027,Normal,4,15,12,8,7,FALSE,FALSE,TRUE,FALSE,Small Only,6,12,TRUE,65535,0
362,RADE 07 HS31,Interior,66,219,464,267,366,255,25,25,25,Gray,1027,1027,Normal,4,15,12,8,7,FALSE,FALSE,TRUE,FALSE,Small Only,6,12,TRUE,65535,0
363,HOTEL 2 F1,Interior,221,26,287,440,63,255,39,39,37,Gray,1042,1042,Normal,4,15,144,38,7,FALSE,FALSE,TRUE,FALSE,Small Only,6,12,TRUE,65535,0
364,HOTEL 2 F2,Interior,222,809,582,433,514,255,39,39,37,Gray,1042,1042,Normal,4,15,144,38,7,FALSE,FALSE,TRUE,FALSE,Small Only,6,12,TRUE,65535,0
365,HOTEL 2 HS33,Interior,66,222,467,293,370,255,25,25,25,Gray,1021,1021,Normal,4,15,5,15,8,FALSE,FALSE,TRUE,FALSE,Small Only,6,12,TRUE,65535,0
366,HOTEL 2 F3,Interior,222,809,399,418,514,255,39,39,37,Gray,1042,1042,Normal,4,15,144,38,7,FALSE,FALSE,TRUE,FALSE,Small Only,6,10,FALSE,65535,0
367,HOTEL 2 HS34,Interior,95,781,554,318,487,255,25,25,25,Gray,1021,1021,Normal,4,15,5,15,8,FALSE,FALSE,TRUE,FALSE,Small Only,6,6,FALSE,65535,0
368,HOTEL 2 F4,Interior,205,809,399,417,514,255,39,39,37,Gray,1042,1042,Normal,4,15,144,38,7,FALSE,FALSE,TRUE,FALSE,Small Only,6,10,FALSE,65535,0
369,HOTEL 2 HS35,Interior,95,783,556,320,489,255,25,25,25,Gray,1021,1021,Normal,4,15,5,15,8,FALSE,FALSE,TRUE,FALSE,Small Only,6,10,FALSE,65535,0
370,HOTEL 2 ELEVA,Interior,262,801,574,398,506,255,44,44,42,Gray,1042,1042,Normal,4,15,144,38,7,FALSE,FALSE,TRUE,FALSE,Small Only,6,12,TRUE,65535,0
371,RADE 09 TBD,Interior,216,790,563,328,495,255,39,39,37,Gray,1064,1064,Normal,4,15,144,37,7,FALSE,FALSE,TRUE,FALSE,Small Only,6,12,TRUE,65535,0
372,RADE 10 TBD,Interior,217,791,564,329,496,255,39,39,37,Gray,1064,1064,Normal,4,15,144,37,7,FALSE,FALSE,TRUE,FALSE,Small Only,6,12,TRUE,65535,0
373,RADE 11 TBD,Interior,218,792,565,330,497,255,39,39,37,Gray,1064,1064,Normal,4,15,144,37,7,FALSE,FALSE,TRUE,FALSE,Small Only,6,12,TRUE,65535,0
374,RADE 12 TBD,Interior,219,793,566,331,498,255,39,39,37,Gray,1064,1064,Normal,4,15,144,37,7,FALSE,FALSE,TRUE,FALSE,Small Only,6,12,TRUE,65535,0
375,RADE 13 TBD,Interior,220,794,567,332,499,255,39,39,37,Gray,1064,1064,Normal,4,15,144,37,7,FALSE,FALSE,TRUE,FALSE,Small Only,6,12,TRUE,65535,0
376,RADE 14 TBD,Interior,221,796,569,333,501,255,39,39,37,Gray,1042,1042,Normal,4,15,144,38,7,FALSE,FALSE,TRUE,FALSE,Small Only,6,12,TRUE,65535,0
377,RADE 15 TBD,Interior,222,797,570,334,502,255,39,39,37,Gray,1042,1042,Normal,4,15,144,38,7,FALSE,FALSE,TRUE,FALSE,Small Only,6,12,TRUE,65535,0
378,RADE 16 TBD,Interior,223,798,571,335,503,255,39,39,37,Gray,1042,1042,Normal,4,15,144,38,7,FALSE,FALSE,TRUE,FALSE,Small Only,6,12,TRUE,65535,0
379,RADE 17 TBD,City/Town,224,799,572,336,504,255,95,95,93,Gray,1042,1042,Normal,3,15,144,38,7,TRUE,FALSE,TRUE,FALSE,Small Only,6,12,TRUE,65535,257
380,RADE 18 TBD,Interior,225,800,573,337,505,255,40,40,38,Gray,1042,1042,Normal,4,15,144,38,7,FALSE,FALSE,TRUE,FALSE,Small Only,6,12,TRUE,65535,0
381,RADE 19 TBD,Interior,213,803,576,338,508,255,40,40,38,Gray,1069,1069,Normal,4,15,144,38,7,FALSE,FALSE,TRUE,FALSE,Small Only,6,12,TRUE,65535,0
382,RADE 20 TBD,Interior,214,804,577,339,509,255,40,40,38,Gray,1069,1069,Normal,4,15,144,38,7,FALSE,FALSE,TRUE,FALSE,Small Only,6,12,TRUE,65535,0
383,RADE 21 TBD,Interior,226,805,578,340,510,255,40,40,38,Gray,1042,1042,Normal,4,15,144,38,8,FALSE,FALSE,TRUE,FALSE,Small Only,6,12,TRUE,65535,0
384,RADE 22 TBD,Interior,72,849,622,341,549,255,25,25,25,Gray,1018,1018,Normal,4,15,126,21,12,FALSE,FALSE,TRUE,FALSE,Small Only,6,0,FALSE,65535,0
385,RADE 23 TBD,Interior,95,884,657,342,580,255,25,25,25,Gray,1025,1025,Normal,4,15,130,5,10,FALSE,FALSE,TRUE,FALSE,Small Only,6,4,FALSE,65535,0
386,RADE 01 GV13,Interior,69,749,522,479,459,255,63,63,61,Gray,1027,1027,Normal,4,15,202,0,0,FALSE,FALSE,TRUE,TRUE,Small Only,6,10,TRUE,65535,0
387,HAUNT AREA 1,Route,0,249,494,40,396,255,17,4,17,Forest,1041,1041,Low Light,0,15,143,40,10,TRUE,FALSE,TRUE,TRUE,All,0,10,TRUE,2,257
388,HAUNT AREA 2,Route,0,249,494,40,396,255,17,4,17,Forest,1041,1041,Low Light,0,15,143,40,10,TRUE,FALSE,TRUE,TRUE,All,0,12,TRUE,2,257
389,HAUNT AREA 3,Route,0,249,494,40,396,255,17,4,17,Forest,1041,1041,Low Light,0,15,143,40,10,TRUE,FALSE,TRUE,TRUE,All,0,12,TRUE,2,257
390,HAUNT AREA 4,Route,0,249,494,40,396,255,17,4,17,Forest,1041,1041,Low Light,0,15,143,40,10,TRUE,FALSE,TRUE,TRUE,All,0,12,TRUE,2,257
391,HAUNT AREA 5,Route,0,249,494,40,396,255,17,4,17,Forest,1041,1041,Low Light,0,15,143,40,10,TRUE,FALSE,TRUE,TRUE,All,0,12,TRUE,2,257
392,MANSION A1,Cave,16,252,497,41,399,255,108,108,108,Town,1041,1041,Low Light,0,15,143,40,10,TRUE,FALSE,TRUE,TRUE,Small Only,0,12,TRUE,65535,0
393,MANSION A2,Cave,17,252,399,423,399,255,108,108,108,Town,1041,1041,Low Light,0,15,143,40,10,TRUE,FALSE,TRUE,TRUE,Small Only,0,12,TRUE,65535,0
394,MANSION A3,Cave,18,180,425,422,330,255,108,108,108,Town,1041,1041,Low Light,0,15,143,40,10,TRUE,FALSE,TRUE,TRUE,Small Only,0,12,TRUE,65535,0
395,MANSION A4,Cave,19,121,382,250,136,255,108,108,108,Town,1041,1041,Low Light,0,15,143,40,10,TRUE,FALSE,TRUE,TRUE,Small Only,0,12,TRUE,65535,0
396,MANSION A5,Cave,20,116,377,168,133,255,108,108,108,Town,1041,1041,Low Light,0,15,143,40,10,TRUE,FALSE,TRUE,TRUE,Small Only,0,10,TRUE,65535,0
397,MANSION A6,Cave,21,55,399,410,399,255,108,108,108,Town,1041,1041,Low Light,0,15,143,40,10,TRUE,FALSE,TRUE,TRUE,Small Only,0,10,TRUE,65535,0
398,MANSION A7,Cave,22,836,609,472,399,255,108,108,108,Town,1041,1041,Low Light,0,15,143,40,10,TRUE,FALSE,TRUE,TRUE,Small Only,0,12,TRUE,65535,0
399,MANSION A8,Cave,23,895,668,471,399,255,108,108,108,Town,1041,1041,Low Light,0,15,143,40,10,TRUE,FALSE,TRUE,TRUE,Small Only,0,12,TRUE,65535,0
400,MANSION A9,Cave,27,147,400,468,212,255,108,108,108,Town,1041,1041,Low Light,0,15,143,40,10,TRUE,FALSE,TRUE,TRUE,Small Only,0,12,TRUE,65535,0
401,RT 17 AREA 1,Route,0,254,499,39,401,187,11,4,11,Wood,1059,1059,Sandstorm,0,15,235,0,0,TRUE,FALSE,TRUE,FALSE,Unallowed,0,12,TRUE,2,257
402,RT 17 AREA 2,Route,0,254,499,39,401,188,11,4,11,Wood,1059,1059,Sandstorm,0,15,235,0,0,TRUE,FALSE,TRUE,FALSE,Small Only,0,12,TRUE,2,257
403,RT 17 AREA 3,Route,0,254,499,39,401,189,11,4,11,Wood,1059,1059,Sandstorm,0,15,235,0,0,TRUE,FALSE,TRUE,FALSE,Small Only,0,12,TRUE,2,257
404,RT 17 AREA 4,Route,0,254,499,39,401,190,11,4,11,Wood,1059,1059,Sandstorm,0,15,235,0,0,TRUE,FALSE,TRUE,FALSE,Small Only,0,12,TRUE,2,257
405,RT 17 AREA 5,Route,0,254,499,39,401,191,11,4,11,Wood,1059,1059,Sandstorm,0,15,235,0,0,TRUE,FALSE,TRUE,FALSE,Small Only,0,12,TRUE,2,257
406,RT 17 AREA 6,Route,0,254,499,39,401,192,11,4,11,Wood,1059,1059,Sandstorm,0,15,235,0,0,TRUE,FALSE,TRUE,FALSE,Small Only,0,12,TRUE,2,257
407,RT 17 AREA 7,Route,0,254,499,39,401,193,11,4,11,Wood,1059,1059,Sandstorm,0,15,235,0,0,TRUE,FALSE,TRUE,FALSE,Small Only,0,12,TRUE,2,257
408,RT 17 AREA 8,Route,0,254,499,39,401,194,11,4,11,Wood,1059,1059,Sandstorm,0,15,235,0,0,TRUE,FALSE,TRUE,FALSE,Small Only,0,12,TRUE,2,257
409,TROOME CITY,City/Town,0,827,600,56,530,255,12,4,12,Wood,1039,1039,Normal,0,15,148,41,6,TRUE,FALSE,TRUE,TRUE,All,2,12,TRUE,2,257
410,TROO 01 GH 09,Interior,70,248,493,166,395,255,63,63,61,Gray,1039,1039,Normal,0,15,148,41,6,FALSE,FALSE,TRUE,TRUE,Small Only,6,12,TRUE,65535,0
411,TROO 02 PC11,Interior,73,944,717,264,632,91,26,26,26,Gray,1063,1063,Normal,4,15,237,0,0,FALSE,FALSE,TRUE,FALSE,All,6,9,FALSE,65535,0
412,TROO 03 PCR11,Interior,77,945,718,326,3,91,26,26,26,Gray,1063,1063,Normal,4,15,237,0,0,FALSE,FALSE,TRUE,FALSE,Small Only,6,5,FALSE,65535,0
413,TROO 04 PM09,Interior,104,759,532,381,468,255,27,27,27,Gray,1064,1064,Normal,4,15,12,40,9,FALSE,FALSE,TRUE,FALSE,Small Only,6,5,FALSE,65535,0
414,TROO 05 GYM08,Gym,90,922,695,77,614,255,117,117,117,Gray,1065,1065,Normal,4,15,13,0,0,FALSE,FALSE,TRUE,FALSE,Small Only,6,12,TRUE,65535,0
415,TROO 06 HS36,Interior,95,784,557,321,490,255,25,25,25,Gray,1039,1039,Normal,4,15,13,8,7,FALSE,FALSE,TRUE,FALSE,Small Only,6,12,TRUE,65535,0
416,TROO 07 HS37,Interior,95,884,657,342,580,255,25,25,25,Gray,1039,1039,Normal,4,15,13,8,7,FALSE,FALSE,TRUE,FALSE,All,6,12,TRUE,65535,0
417,TROO 08 HS38,Interior,97,833,606,356,534,255,25,25,25,Gray,1039,1039,Normal,4,15,13,8,7,FALSE,FALSE,TRUE,FALSE,Small Only,6,12,TRUE,65535,0
418,TROO 09 HS39,Interior,190,840,613,361,540,255,39,39,37,Gray,1039,1039,Normal,4,15,13,8,7,FALSE,FALSE,TRUE,FALSE,Small Only,6,12,TRUE,65535,0
419,TROO 10 HS40,Interior,190,841,614,362,541,255,39,39,37,Gray,1039,1039,Normal,4,15,13,8,7,FALSE,FALSE,TRUE,FALSE,Small Only,6,12,TRUE,65535,0
420,TROOME TBD 1,City/Town,0,827,600,56,530,255,12,4,12,Wood,1039,1039,Normal,0,15,148,41,6,TRUE,FALSE,TRUE,TRUE,Small Only,2,12,TRUE,2,257
421,TROOME TBD 2,City/Town,0,827,600,56,530,255,12,4,12,Wood,1039,1039,Normal,0,15,148,41,6,TRUE,FALSE,TRUE,TRUE,Small Only,2,12,TRUE,2,257
422,TROOME TBD 3,City/Town,0,827,600,56,530,255,12,4,12,Wood,1039,1039,Normal,0,15,148,41,6,TRUE,FALSE,TRUE,TRUE,All,2,12,TRUE,2,257
423,TROOME TBD 4,City/Town,0,827,600,56,530,255,12,4,12,Wood,1039,1039,Normal,0,15,148,41,6,TRUE,FALSE,TRUE,TRUE,Small Only,2,12,TRUE,2,257
424,TROOME TBD 5,City/Town,0,827,600,56,530,255,12,4,12,Wood,1039,1039,Normal,0,15,148,41,6,TRUE,FALSE,TRUE,TRUE,Small Only,2,12,TRUE,2,257
425,TROOME TBD 6,City/Town,0,827,600,56,530,255,12,4,12,Wood,1039,1039,Normal,0,15,148,41,6,TRUE,FALSE,TRUE,TRUE,Small Only,2,12,TRUE,2,257
426,TROOME TBD 7,City/Town,0,827,600,56,530,255,12,4,12,Wood,1039,1039,Normal,0,15,148,41,6,TRUE,FALSE,TRUE,TRUE,Small Only,2,12,TRUE,2,257
427,TROOME TBD 8,City/Town,0,827,600,56,530,255,12,4,12,Wood,1039,1039,Normal,0,15,148,41,6,TRUE,FALSE,TRUE,TRUE,Small Only,2,12,TRUE,2,257
428,TROOME TBD 9,City/Town,0,827,600,56,530,255,12,4,12,Wood,1039,1039,Normal,0,15,148,41,6,TRUE,FALSE,TRUE,TRUE,Small Only,2,12,TRUE,2,257
429,TROOME TBD 10,City/Town,0,827,600,56,530,255,12,4,12,Wood,1039,1039,Normal,0,15,148,41,6,TRUE,FALSE,TRUE,TRUE,Small Only,2,12,TRUE,2,257
430,BRIDGE CAVE 1,Cave,197,51,312,297,82,184,115,115,13,Gray,1059,1059,Low Light,0,15,236,41,3,FALSE,TRUE,TRUE,FALSE,Small Only,6,12,TRUE,2,1
431,BRIDGE CAVE 2,Cave,197,51,312,297,82,185,115,115,13,Gray,1059,1059,Low Light,0,15,236,41,3,FALSE,TRUE,TRUE,FALSE,Small Only,6,12,TRUE,2,1
432,BRIDGE CAVE 3,Cave,197,51,312,297,82,187,115,115,13,Gray,1059,1059,Low Light,0,15,236,41,3,FALSE,TRUE,TRUE,FALSE,Small Only,6,12,TRUE,2,1
433,RT 20 AREA 1,Route,0,49,310,295,80,213,14,14,14,Field,1062,1062,Normal,0,15,235,0,0,TRUE,FALSE,TRUE,TRUE,All,0,12,TRUE,2,257
434,RT 20 AREA 2,Route,0,49,310,295,80,214,14,14,14,Field,1062,1062,Normal,0,15,235,0,0,TRUE,FALSE,TRUE,TRUE,All,0,12,TRUE,2,257
435,RT 20 AREA 3,Route,0,49,310,295,80,215,14,14,14,Field,1062,1062,Normal,0,15,235,0,0,TRUE,FALSE,TRUE,TRUE,All,0,12,TRUE,2,257
436,RT 20 AREA 4,Route,0,49,310,295,80,216,14,14,14,Field,1062,1062,Normal,0,15,235,0,0,TRUE,FALSE,TRUE,TRUE,All,0,12,TRUE,2,257
437,RT 20 AREA 5,Route,0,49,310,295,80,217,14,14,14,Field,1062,1062,Normal,0,15,235,0,0,TRUE,FALSE,TRUE,TRUE,All,0,12,TRUE,2,257
438,RT 20 AREA 6,Route,0,49,310,295,80,218,14,14,14,Field,1062,1062,Normal,0,15,235,0,0,TRUE,FALSE,TRUE,TRUE,All,0,12,TRUE,2,257
439,RT 20 AREA 7,Route,0,49,310,295,80,219,14,14,14,Field,1062,1062,Normal,0,15,235,0,0,TRUE,FALSE,TRUE,TRUE,All,0,12,TRUE,2,257
440,RT 20 AREA 8,Route,0,49,310,295,80,220,14,14,14,Field,1062,1062,Normal,0,15,235,0,0,TRUE,FALSE,TRUE,TRUE,All,0,12,TRUE,2,257
441,RT 20 AREA 9,Route,0,49,310,295,80,221,14,14,14,Field,1062,1062,Normal,0,15,235,0,0,TRUE,FALSE,TRUE,TRUE,All,0,5,TRUE,2,257
442,RT 20 AREA 10,Route,0,49,310,295,80,222,14,14,14,Field,1062,1062,Normal,0,15,235,0,0,TRUE,FALSE,TRUE,TRUE,All,0,12,TRUE,2,257
443,RT 20 AREA 11,Route,0,49,310,295,80,223,14,14,14,Field,1062,1062,Normal,0,15,235,0,0,TRUE,FALSE,TRUE,TRUE,All,0,12,TRUE,2,257
444,RT 20 AREA 12,Route,0,49,310,295,80,224,14,14,14,Field,1062,1062,Normal,0,15,235,0,0,TRUE,FALSE,TRUE,TRUE,All,0,12,TRUE,2,257
445,RT 20 AREA 13,Route,0,49,310,295,80,225,14,14,14,Field,1062,1062,Normal,0,15,235,0,0,TRUE,FALSE,TRUE,TRUE,All,0,12,TRUE,2,257
446,TERTH CITY,City/Town,0,930,703,84,620,225,14,14,14,Wood,1024,1024,Normal,0,15,132,41,6,TRUE,FALSE,TRUE,TRUE,All,0,9,TRUE,2,257
447,TBD,TBD,TBD,TBD,TBD,TBD,TBD,TBD,TBD,TBD,TBD,TBD,TBD,TBD,TBD,TBD,TBD,TBD,TBD,TBD,TBD,TBD,TBD,TBD,TBD,TBD,TBD,TBD,TBD,TBD
448,TBD,TBD,TBD,TBD,TBD,TBD,TBD,TBD,TBD,TBD,TBD,TBD,TBD,TBD,TBD,TBD,TBD,TBD,TBD,TBD,TBD,TBD,TBD,TBD,TBD,TBD,TBD,TBD,TBD,TBD
449,TBD,TBD,TBD,TBD,TBD,TBD,TBD,TBD,TBD,TBD,TBD,TBD,TBD,TBD,TBD,TBD,TBD,TBD,TBD,TBD,TBD,TBD,TBD,TBD,TBD,TBD,TBD,TBD,TBD,TBD
450,TBD,TBD,TBD,TBD,TBD,TBD,TBD,TBD,TBD,TBD,TBD,TBD,TBD,TBD,TBD,TBD,TBD,TBD,TBD,TBD,TBD,TBD,TBD,TBD,TBD,TBD,TBD,TBD,TBD,TBD
451,TBD,TBD,TBD,TBD,TBD,TBD,TBD,TBD,TBD,TBD,TBD,TBD,TBD,TBD,TBD,TBD,TBD,TBD,TBD,TBD,TBD,TBD,TBD,TBD,TBD,TBD,TBD,TBD,TBD,TBD
452,TBD,TBD,TBD,TBD,TBD,TBD,TBD,TBD,TBD,TBD,TBD,TBD,TBD,TBD,TBD,TBD,TBD,TBD,TBD,TBD,TBD,TBD,TBD,TBD,TBD,TBD,TBD,TBD,TBD,TBD
453,TBD,TBD,TBD,TBD,TBD,TBD,TBD,TBD,TBD,TBD,TBD,TBD,TBD,TBD,TBD,TBD,TBD,TBD,TBD,TBD,TBD,TBD,TBD,TBD,TBD,TBD,TBD,TBD,TBD,TBD
454,TBD,TBD,TBD,TBD,TBD,TBD,TBD,TBD,TBD,TBD,TBD,TBD,TBD,TBD,TBD,TBD,TBD,TBD,TBD,TBD,TBD,TBD,TBD,TBD,TBD,TBD,TBD,TBD,TBD,TBD
455,TBD,TBD,TBD,TBD,TBD,TBD,TBD,TBD,TBD,TBD,TBD,TBD,TBD,TBD,TBD,TBD,TBD,TBD,TBD,TBD,TBD,TBD,TBD,TBD,TBD,TBD,TBD,TBD,TBD,TBD
456,TBD,TBD,TBD,TBD,TBD,TBD,TBD,TBD,TBD,TBD,TBD,TBD,TBD,TBD,TBD,TBD,TBD,TBD,TBD,TBD,TBD,TBD,TBD,TBD,TBD,TBD,TBD,TBD,TBD,TBD
457,TBD,TBD,TBD,TBD,TBD,TBD,TBD,TBD,TBD,TBD,TBD,TBD,TBD,TBD,TBD,TBD,TBD,TBD,TBD,TBD,TBD,TBD,TBD,TBD,TBD,TBD,TBD,TBD,TBD,TBD
458,TBD,TBD,TBD,TBD,TBD,TBD,TBD,TBD,TBD,TBD,TBD,TBD,TBD,TBD,TBD,TBD,TBD,TBD,TBD,TBD,TBD,TBD,TBD,TBD,TBD,TBD,TBD,TBD,TBD,TBD
459,TBD,TBD,TBD,TBD,TBD,TBD,TBD,TBD,TBD,TBD,TBD,TBD,TBD,TBD,TBD,TBD,TBD,TBD,TBD,TBD,TBD,TBD,TBD,TBD,TBD,TBD,TBD,TBD,TBD,TBD
460,TBD,TBD,TBD,TBD,TBD,TBD,TBD,TBD,TBD,TBD,TBD,TBD,TBD,TBD,TBD,TBD,TBD,TBD,TBD,TBD,TBD,TBD,TBD,TBD,TBD,TBD,TBD,TBD,TBD,TBD
461,TBD,TBD,TBD,TBD,TBD,TBD,TBD,TBD,TBD,TBD,TBD,TBD,TBD,TBD,TBD,TBD,TBD,TBD,TBD,TBD,TBD,TBD,TBD,TBD,TBD,TBD,TBD,TBD,TBD,TBD
462,TBD,TBD,TBD,TBD,TBD,TBD,TBD,TBD,TBD,TBD,TBD,TBD,TBD,TBD,TBD,TBD,TBD,TBD,TBD,TBD,TBD,TBD,TBD,TBD,TBD,TBD,TBD,TBD,TBD,TBD
463,TBD,TBD,TBD,TBD,TBD,TBD,TBD,TBD,TBD,TBD,TBD,TBD,TBD,TBD,TBD,TBD,TBD,TBD,TBD,TBD,TBD,TBD,TBD,TBD,TBD,TBD,TBD,TBD,TBD,TBD
464,TBD,TBD,TBD,TBD,TBD,TBD,TBD,TBD,TBD,TBD,TBD,TBD,TBD,TBD,TBD,TBD,TBD,TBD,TBD,TBD,TBD,TBD,TBD,TBD,TBD,TBD,TBD,TBD,TBD,TBD
465,TBD,TBD,TBD,TBD,TBD,TBD,TBD,TBD,TBD,TBD,TBD,TBD,TBD,TBD,TBD,TBD,TBD,TBD,TBD,TBD,TBD,TBD,TBD,TBD,TBD,TBD,TBD,TBD,TBD,TBD
466,TBD,TBD,TBD,TBD,TBD,TBD,TBD,TBD,TBD,TBD,TBD,TBD,TBD,TBD,TBD,TBD,TBD,TBD,TBD,TBD,TBD,TBD,TBD,TBD,TBD,TBD,TBD,TBD,TBD,TBD
467,TBD,TBD,TBD,TBD,TBD,TBD,TBD,TBD,TBD,TBD,TBD,TBD,TBD,TBD,TBD,TBD,TBD,TBD,TBD,TBD,TBD,TBD,TBD,TBD,TBD,TBD,TBD,TBD,TBD,TBD
468,TBD,TBD,TBD,TBD,TBD,TBD,TBD,TBD,TBD,TBD,TBD,TBD,TBD,TBD,TBD,TBD,TBD,TBD,TBD,TBD,TBD,TBD,TBD,TBD,TBD,TBD,TBD,TBD,TBD,TBD
469,TBD,TBD,TBD,TBD,TBD,TBD,TBD,TBD,TBD,TBD,TBD,TBD,TBD,TBD,TBD,TBD,TBD,TBD,TBD,TBD,TBD,TBD,TBD,TBD,TBD,TBD,TBD,TBD,TBD,TBD
470,TBD,TBD,TBD,TBD,TBD,TBD,TBD,TBD,TBD,TBD,TBD,TBD,TBD,TBD,TBD,TBD,TBD,TBD,TBD,TBD,TBD,TBD,TBD,TBD,TBD,TBD,TBD,TBD,TBD,TBD
471,TBD,TBD,TBD,TBD,TBD,TBD,TBD,TBD,TBD,TBD,TBD,TBD,TBD,TBD,TBD,TBD,TBD,TBD,TBD,TBD,TBD,TBD,TBD,TBD,TBD,TBD,TBD,TBD,TBD,TBD
472,TBD,TBD,TBD,TBD,TBD,TBD,TBD,TBD,TBD,TBD,TBD,TBD,TBD,TBD,TBD,TBD,TBD,TBD,TBD,TBD,TBD,TBD,TBD,TBD,TBD,TBD,TBD,TBD,TBD,TBD
473,TBD,TBD,TBD,TBD,TBD,TBD,TBD,TBD,TBD,TBD,TBD,TBD,TBD,TBD,TBD,TBD,TBD,TBD,TBD,TBD,TBD,TBD,TBD,TBD,TBD,TBD,TBD,TBD,TBD,TBD
474,TBD,TBD,TBD,TBD,TBD,TBD,TBD,TBD,TBD,TBD,TBD,TBD,TBD,TBD,TBD,TBD,TBD,TBD,TBD,TBD,TBD,TBD,TBD,TBD,TBD,TBD,TBD,TBD,TBD,TBD
475,TBD,TBD,TBD,TBD,TBD,TBD,TBD,TBD,TBD,TBD,TBD,TBD,TBD,TBD,TBD,TBD,TBD,TBD,TBD,TBD,TBD,TBD,TBD,TBD,TBD,TBD,TBD,TBD,TBD,TBD
476,TBD,TBD,TBD,TBD,TBD,TBD,TBD,TBD,TBD,TBD,TBD,TBD,TBD,TBD,TBD,TBD,TBD,TBD,TBD,TBD,TBD,TBD,TBD,TBD,TBD,TBD,TBD,TBD,TBD,TBD
477,TBD,TBD,TBD,TBD,TBD,TBD,TBD,TBD,TBD,TBD,TBD,TBD,TBD,TBD,TBD,TBD,TBD,TBD,TBD,TBD,TBD,TBD,TBD,TBD,TBD,TBD,TBD,TBD,TBD,TBD
478,TBD,TBD,TBD,TBD,TBD,TBD,TBD,TBD,TBD,TBD,TBD,TBD,TBD,TBD,TBD,TBD,TBD,TBD,TBD,TBD,TBD,TBD,TBD,TBD,TBD,TBD,TBD,TBD,TBD,TBD
479,TBD,TBD,TBD,TBD,TBD,TBD,TBD,TBD,TBD,TBD,TBD,TBD,TBD,TBD,TBD,TBD,TBD,TBD,TBD,TBD,TBD,TBD,TBD,TBD,TBD,TBD,TBD,TBD,TBD,TBD
480,TBD,TBD,TBD,TBD,TBD,TBD,TBD,TBD,TBD,TBD,TBD,TBD,TBD,TBD,TBD,TBD,TBD,TBD,TBD,TBD,TBD,TBD,TBD,TBD,TBD,TBD,TBD,TBD,TBD,TBD
481,TBD,TBD,TBD,TBD,TBD,TBD,TBD,TBD,TBD,TBD,TBD,TBD,TBD,TBD,TBD,TBD,TBD,TBD,TBD,TBD,TBD,TBD,TBD,TBD,TBD,TBD,TBD,TBD,TBD,TBD
482,TBD,TBD,TBD,TBD,TBD,TBD,TBD,TBD,TBD,TBD,TBD,TBD,TBD,TBD,TBD,TBD,TBD,TBD,TBD,TBD,TBD,TBD,TBD,TBD,TBD,TBD,TBD,TBD,TBD,TBD
483,TBD,TBD,TBD,TBD,TBD,TBD,TBD,TBD,TBD,TBD,TBD,TBD,TBD,TBD,TBD,TBD,TBD,TBD,TBD,TBD,TBD,TBD,TBD,TBD,TBD,TBD,TBD,TBD,TBD,TBD
484,TBD,TBD,TBD,TBD,TBD,TBD,TBD,TBD,TBD,TBD,TBD,TBD,TBD,TBD,TBD,TBD,TBD,TBD,TBD,TBD,TBD,TBD,TBD,TBD,TBD,TBD,TBD,TBD,TBD,TBD
485,TBD,TBD,TBD,TBD,TBD,TBD,TBD,TBD,TBD,TBD,TBD,TBD,TBD,TBD,TBD,TBD,TBD,TBD,TBD,TBD,TBD,TBD,TBD,TBD,TBD,TBD,TBD,TBD,TBD,TBD
486,TBD,TBD,TBD,TBD,TBD,TBD,TBD,TBD,TBD,TBD,TBD,TBD,TBD,TBD,TBD,TBD,TBD,TBD,TBD,TBD,TBD,TBD,TBD,TBD,TBD,TBD,TBD,TBD,TBD,TBD
487,TBD,TBD,TBD,TBD,TBD,TBD,TBD,TBD,TBD,TBD,TBD,TBD,TBD,TBD,TBD,TBD,TBD,TBD,TBD,TBD,TBD,TBD,TBD,TBD,TBD,TBD,TBD,TBD,TBD,TBD
488,TBD,TBD,TBD,TBD,TBD,TBD,TBD,TBD,TBD,TBD,TBD,TBD,TBD,TBD,TBD,TBD,TBD,TBD,TBD,TBD,TBD,TBD,TBD,TBD,TBD,TBD,TBD,TBD,TBD,TBD
489,TBD,TBD,TBD,TBD,TBD,TBD,TBD,TBD,TBD,TBD,TBD,TBD,TBD,TBD,TBD,TBD,TBD,TBD,TBD,TBD,TBD,TBD,TBD,TBD,TBD,TBD,TBD,TBD,TBD,TBD
490,TBD,TBD,TBD,TBD,TBD,TBD,TBD,TBD,TBD,TBD,TBD,TBD,TBD,TBD,TBD,TBD,TBD,TBD,TBD,TBD,TBD,TBD,TBD,TBD,TBD,TBD,TBD,TBD,TBD,TBD
491,TBD,TBD,TBD,TBD,TBD,TBD,TBD,TBD,TBD,TBD,TBD,TBD,TBD,TBD,TBD,TBD,TBD,TBD,TBD,TBD,TBD,TBD,TBD,TBD,TBD,TBD,TBD,TBD,TBD,TBD
492,TBD,TBD,TBD,TBD,TBD,TBD,TBD,TBD,TBD,TBD,TBD,TBD,TBD,TBD,TBD,TBD,TBD,TBD,TBD,TBD,TBD,TBD,TBD,TBD,TBD,TBD,TBD,TBD,TBD,TBD
493,TBD,TBD,TBD,TBD,TBD,TBD,TBD,TBD,TBD,TBD,TBD,TBD,TBD,TBD,TBD,TBD,TBD,TBD,TBD,TBD,TBD,TBD,TBD,TBD,TBD,TBD,TBD,TBD,TBD,TBD
494,TBD,TBD,TBD,TBD,TBD,TBD,TBD,TBD,TBD,TBD,TBD,TBD,TBD,TBD,TBD,TBD,TBD,TBD,TBD,TBD,TBD,TBD,TBD,TBD,TBD,TBD,TBD,TBD,TBD,TBD
495,TBD,TBD,TBD,TBD,TBD,TBD,TBD,TBD,TBD,TBD,TBD,TBD,TBD,TBD,TBD,TBD,TBD,TBD,TBD,TBD,TBD,TBD,TBD,TBD,TBD,TBD,TBD,TBD,TBD,TBD
496,TBD,TBD,TBD,TBD,TBD,TBD,TBD,TBD,TBD,TBD,TBD,TBD,TBD,TBD,TBD,TBD,TBD,TBD,TBD,TBD,TBD,TBD,TBD,TBD,TBD,TBD,TBD,TBD,TBD,TBD
497,TBD,TBD,TBD,TBD,TBD,TBD,TBD,TBD,TBD,TBD,TBD,TBD,TBD,TBD,TBD,TBD,TBD,TBD,TBD,TBD,TBD,TBD,TBD,TBD,TBD,TBD,TBD,TBD,TBD,TBD
498,TBD,TBD,TBD,TBD,TBD,TBD,TBD,TBD,TBD,TBD,TBD,TBD,TBD,TBD,TBD,TBD,TBD,TBD,TBD,TBD,TBD,TBD,TBD,TBD,TBD,TBD,TBD,TBD,TBD,TBD
499,TBD,TBD,TBD,TBD,TBD,TBD,TBD,TBD,TBD,TBD,TBD,TBD,TBD,TBD,TBD,TBD,TBD,TBD,TBD,TBD,TBD,TBD,TBD,TBD,TBD,TBD,TBD,TBD,TBD,TBD
500,TBD,TBD,TBD,TBD,TBD,TBD,TBD,TBD,TBD,TBD,TBD,TBD,TBD,TBD,TBD,TBD,TBD,TBD,TBD,TBD,TBD,TBD,TBD,TBD,TBD,TBD,TBD,TBD,TBD,TBD
501,TBD,TBD,TBD,TBD,TBD,TBD,TBD,TBD,TBD,TBD,TBD,TBD,TBD,TBD,TBD,TBD,TBD,TBD,TBD,TBD,TBD,TBD,TBD,TBD,TBD,TBD,TBD,TBD,TBD,TBD
502,TBD,TBD,TBD,TBD,TBD,TBD,TBD,TBD,TBD,TBD,TBD,TBD,TBD,TBD,TBD,TBD,TBD,TBD,TBD,TBD,TBD,TBD,TBD,TBD,TBD,TBD,TBD,TBD,TBD,TBD
503,TBD,TBD,TBD,TBD,TBD,TBD,TBD,TBD,TBD,TBD,TBD,TBD,TBD,TBD,TBD,TBD,TBD,TBD,TBD,TBD,TBD,TBD,TBD,TBD,TBD,TBD,TBD,TBD,TBD,TBD
504,TBD,TBD,TBD,TBD,TBD,TBD,TBD,TBD,TBD,TBD,TBD,TBD,TBD,TBD,TBD,TBD,TBD,TBD,TBD,TBD,TBD,TBD,TBD,TBD,TBD,TBD,TBD,TBD,TBD,TBD
505,TBD,TBD,TBD,TBD,TBD,TBD,TBD,TBD,TBD,TBD,TBD,TBD,TBD,TBD,TBD,TBD,TBD,TBD,TBD,TBD,TBD,TBD,TBD,TBD,TBD,TBD,TBD,TBD,TBD,TBD
506,TBD,TBD,TBD,TBD,TBD,TBD,TBD,TBD,TBD,TBD,TBD,TBD,TBD,TBD,TBD,TBD,TBD,TBD,TBD,TBD,TBD,TBD,TBD,TBD,TBD,TBD,TBD,TBD,TBD,TBD
507,TBD,TBD,TBD,TBD,TBD,TBD,TBD,TBD,TBD,TBD,TBD,TBD,TBD,TBD,TBD,TBD,TBD,TBD,TBD,TBD,TBD,TBD,TBD,TBD,TBD,TBD,TBD,TBD,TBD,TBD
508,TBD,TBD,TBD,TBD,TBD,TBD,TBD,TBD,TBD,TBD,TBD,TBD,TBD,TBD,TBD,TBD,TBD,TBD,TBD,TBD,TBD,TBD,TBD,TBD,TBD,TBD,TBD,TBD,TBD,TBD
509,TBD,TBD,TBD,TBD,TBD,TBD,TBD,TBD,TBD,TBD,TBD,TBD,TBD,TBD,TBD,TBD,TBD,TBD,TBD,TBD,TBD,TBD,TBD,TBD,TBD,TBD,TBD,TBD,TBD,TBD
510,TBD,TBD,TBD,TBD,TBD,TBD,TBD,TBD,TBD,TBD,TBD,TBD,TBD,TBD,TBD,TBD,TBD,TBD,TBD,TBD,TBD,TBD,TBD,TBD,TBD,TBD,TBD,TBD,TBD,TBD
511,TBD,TBD,TBD,TBD,TBD,TBD,TBD,TBD,TBD,TBD,TBD,TBD,TBD,TBD,TBD,TBD,TBD,TBD,TBD,TBD,TBD,TBD,TBD,TBD,TBD,TBD,TBD,TBD,TBD,TBD
512,TBD,TBD,TBD,TBD,TBD,TBD,TBD,TBD,TBD,TBD,TBD,TBD,TBD,TBD,TBD,TBD,TBD,TBD,TBD,TBD,TBD,TBD,TBD,TBD,TBD,TBD,TBD,TBD,TBD,TBD
513,TBD,TBD,TBD,TBD,TBD,TBD,TBD,TBD,TBD,TBD,TBD,TBD,TBD,TBD,TBD,TBD,TBD,TBD,TBD,TBD,TBD,TBD,TBD,TBD,TBD,TBD,TBD,TBD,TBD,TBD
514,TBD,TBD,TBD,TBD,TBD,TBD,TBD,TBD,TBD,TBD,TBD,TBD,TBD,TBD,TBD,TBD,TBD,TBD,TBD,TBD,TBD,TBD,TBD,TBD,TBD,TBD,TBD,TBD,TBD,TBD
515,TBD,TBD,TBD,TBD,TBD,TBD,TBD,TBD,TBD,TBD,TBD,TBD,TBD,TBD,TBD,TBD,TBD,TBD,TBD,TBD,TBD,TBD,TBD,TBD,TBD,TBD,TBD,TBD,TBD,TBD
516,TBD,TBD,TBD,TBD,TBD,TBD,TBD,TBD,TBD,TBD,TBD,TBD,TBD,TBD,TBD,TBD,TBD,TBD,TBD,TBD,TBD,TBD,TBD,TBD,TBD,TBD,TBD,TBD,TBD,TBD
517,TBD,TBD,TBD,TBD,TBD,TBD,TBD,TBD,TBD,TBD,TBD,TBD,TBD,TBD,TBD,TBD,TBD,TBD,TBD,TBD,TBD,TBD,TBD,TBD,TBD,TBD,TBD,TBD,TBD,TBD
518,TBD,TBD,TBD,TBD,TBD,TBD,TBD,TBD,TBD,TBD,TBD,TBD,TBD,TBD,TBD,TBD,TBD,TBD,TBD,TBD,TBD,TBD,TBD,TBD,TBD,TBD,TBD,TBD,TBD,TBD
519,TBD,TBD,TBD,TBD,TBD,TBD,TBD,TBD,TBD,TBD,TBD,TBD,TBD,TBD,TBD,TBD,TBD,TBD,TBD,TBD,TBD,TBD,TBD,TBD,TBD,TBD,TBD,TBD,TBD,TBD
520,TBD,TBD,TBD,TBD,TBD,TBD,TBD,TBD,TBD,TBD,TBD,TBD,TBD,TBD,TBD,TBD,TBD,TBD,TBD,TBD,TBD,TBD,TBD,TBD,TBD,TBD,TBD,TBD,TBD,TBD
521,TBD,TBD,TBD,TBD,TBD,TBD,TBD,TBD,TBD,TBD,TBD,TBD,TBD,TBD,TBD,TBD,TBD,TBD,TBD,TBD,TBD,TBD,TBD,TBD,TBD,TBD,TBD,TBD,TBD,TBD
522,TBD,TBD,TBD,TBD,TBD,TBD,TBD,TBD,TBD,TBD,TBD,TBD,TBD,TBD,TBD,TBD,TBD,TBD,TBD,TBD,TBD,TBD,TBD,TBD,TBD,TBD,TBD,TBD,TBD,TBD
523,TBD,TBD,TBD,TBD,TBD,TBD,TBD,TBD,TBD,TBD,TBD,TBD,TBD,TBD,TBD,TBD,TBD,TBD,TBD,TBD,TBD,TBD,TBD,TBD,TBD,TBD,TBD,TBD,TBD,TBD
524,TBD,TBD,TBD,TBD,TBD,TBD,TBD,TBD,TBD,TBD,TBD,TBD,TBD,TBD,TBD,TBD,TBD,TBD,TBD,TBD,TBD,TBD,TBD,TBD,TBD,TBD,TBD,TBD,TBD,TBD
525,WLDA01 GV07,Interior,69,256,501,231,403,255,63,63,61,Gray,1023,1023,Normal,4,15,6,11,9,FALSE,FALSE,TRUE,TRUE,Small Only,6,10,FALSE,65535,0
526,WLDA02 GH08,Interior,70,865,638,144,563,255,63,63,61,Gray,1022,1022,Normal,4,15,7,11,9,FALSE,FALSE,TRUE,TRUE,Small Only,6,10,FALSE,65535,0
527,WLDA03 GV08,Interior,69,185,430,346,335,255,63,63,61,Gray,1023,1023,Normal,4,15,6,11,9,FALSE,FALSE,TRUE,TRUE,Small Only,6,12,TRUE,65535,0
528,TBD,TBD,TBD,TBD,TBD,TBD,TBD,TBD,TBD,TBD,TBD,TBD,TBD,TBD,TBD,TBD,TBD,TBD,TBD,TBD,TBD,TBD,TBD,TBD,TBD,TBD,TBD,TBD,TBD,TBD
529,TBD,TBD,TBD,TBD,TBD,TBD,TBD,TBD,TBD,TBD,TBD,TBD,TBD,TBD,TBD,TBD,TBD,TBD,TBD,TBD,TBD,TBD,TBD,TBD,TBD,TBD,TBD,TBD,TBD,TBD
530,TBD,TBD,TBD,TBD,TBD,TBD,TBD,TBD,TBD,TBD,TBD,TBD,TBD,TBD,TBD,TBD,TBD,TBD,TBD,TBD,TBD,TBD,TBD,TBD,TBD,TBD,TBD,TBD,TBD,TBD
531,HOME 57 SROD,Interior,97,200,445,485,349,255,25,25,25,Gray,1070,1070,Normal,4,15,229,7,7,FALSE,FALSE,TRUE,FALSE,Small Only,6,9,FALSE,65535,0
532,TBD,TBD,TBD,TBD,TBD,TBD,TBD,TBD,TBD,TBD,TBD,TBD,TBD,TBD,TBD,TBD,TBD,TBD,TBD,TBD,TBD,TBD,TBD,TBD,TBD,TBD,TBD,TBD,TBD,TBD
533,WILD AREA,Interior,0,82,343,483,105,255,111,111,111,Gray,1060,1060,Normal,0,15,160,44,9,FALSE,FALSE,TRUE,FALSE,All,6,12,TRUE,2,257
534,TBD,TBD,TBD,TBD,TBD,TBD,TBD,TBD,TBD,TBD,TBD,TBD,TBD,TBD,TBD,TBD,TBD,TBD,TBD,TBD,TBD,TBD,TBD,TBD,TBD,TBD,TBD,TBD,TBD,TBD
535,TBD,TBD,TBD,TBD,TBD,TBD,TBD,TBD,TBD,TBD,TBD,TBD,TBD,TBD,TBD,TBD,TBD,TBD,TBD,TBD,TBD,TBD,TBD,TBD,TBD,TBD,TBD,TBD,TBD,TBD
536,TBD,TBD,TBD,TBD,TBD,TBD,TBD,TBD,TBD,TBD,TBD,TBD,TBD,TBD,TBD,TBD,TBD,TBD,TBD,TBD,TBD,TBD,TBD,TBD,TBD,TBD,TBD,TBD,TBD,TBD
537,TBD,TBD,TBD,TBD,TBD,TBD,TBD,TBD,TBD,TBD,TBD,TBD,TBD,TBD,TBD,TBD,TBD,TBD,TBD,TBD,TBD,TBD,TBD,TBD,TBD,TBD,TBD,TBD,TBD,TBD
538,TBD,TBD,TBD,TBD,TBD,TBD,TBD,TBD,TBD,TBD,TBD,TBD,TBD,TBD,TBD,TBD,TBD,TBD,TBD,TBD,TBD,TBD,TBD,TBD,TBD,TBD,TBD,TBD,TBD,TBD
539,TBD,TBD,TBD,TBD,TBD,TBD,TBD,TBD,TBD,TBD,TBD,TBD,TBD,TBD,TBD,TBD,TBD,TBD,TBD,TBD,TBD,TBD,TBD,TBD,TBD,TBD,TBD,TBD,TBD,TBD