BankId,Area,RodType,Rate,Slot1Species,Slot1Min,Slot1Max,Slot2Species,Slot2Min,Slot2Max,Slot3Species,Slot3Min,Slot3Max,Slot4Species,Slot4Min,Slot4Max,Slot5Species,Slot5Min,Slot5Max,HeadersUsed
0,ROUTE 1,OldRod,25,NONE,0,0,NONE,0,0,NONE,0,0,NONE,0,0,NONE,0,0,10;22
0,ROUTE 1,GoodRod,50,NONE,0,0,NONE,0,0,NONE,0,0,NONE,0,0,NONE,0,0,10;22
0,ROUTE 1,SuperRod,75,NONE,0,0,NONE,0,0,NONE,0,0,NONE,0,0,NONE,0,0,10;22
1,ROUTE 2 AREA 1,OldRod,25,NONE,0,0,NONE,0,0,NONE,0,0,NONE,0,0,NONE,0,0,23;30
1,ROUTE 2 AREA 1,GoodRod,50,NONE,0,0,NONE,0,0,NONE,0,0,NONE,0,0,NONE,0,0,23;30
1,ROUTE 2 AREA 1,SuperRod,75,NONE,0,0,NONE,0,0,NONE,0,0,NONE,0,0,NONE,0,0,23;30
2,ROUTE 2 AREA 2,OldRod,25,NONE,0,0,NONE,0,0,NONE,0,0,NONE,0,0,NONE,0,0,31
2,ROUTE 2 AREA 2,GoodRod,50,NONE,0,0,NONE,0,0,NONE,0,0,NONE,0,0,NONE,0,0,31
2,ROUTE 2 AREA 2,SuperRod,75,NONE,0,0,NONE,0,0,NONE,0,0,NONE,0,0,NONE,0,0,31
3,ROUTE 3 AREA 1,OldRod,25,NONE,0,0,NONE,0,0,NONE,0,0,NONE,0,0,NONE,0,0,39
3,ROUTE 3 AREA 1,GoodRod,50,NONE,0,0,NONE,0,0,NONE,0,0,NONE,0,0,NONE,0,0,39
3,ROUTE 3 AREA 1,SuperRod,75,NONE,0,0,NONE,0,0,NONE,0,0,NONE,0,0,NONE,0,0,39
4,ROUTE 3 AREA 2,OldRod,25,NONE,0,0,NONE,0,0,NONE,0,0,NONE,0,0,NONE,0,0,40
4,ROUTE 3 AREA 2,GoodRod,50,NONE,0,0,NONE,0,0,NONE,0,0,NONE,0,0,NONE,0,0,40
4,ROUTE 3 AREA 2,SuperRod,75,NONE,0,0,NONE,0,0,NONE,0,0,NONE,0,0,NONE,0,0,40
5,NAVEL Generic,OldRod,25,NONE,0,0,NONE,0,0,NONE,0,0,NONE,0,0,NONE,0,0,32
5,NAVEL Generic,GoodRod,50,NONE,0,0,NONE,0,0,NONE,0,0,NONE,0,0,NONE,0,0,32
5,NAVEL Generic,SuperRod,75,NONE,0,0,NONE,0,0,NONE,0,0,NONE,0,0,NONE,0,0,32
6,NAVEL West,OldRod,25,NONE,0,0,NONE,0,0,NONE,0,0,NONE,0,0,NONE,0,0,33
6,NAVEL West,GoodRod,50,NONE,0,0,NONE,0,0,NONE,0,0,NONE,0,0,NONE,0,0,33
6,NAVEL West,SuperRod,75,NONE,0,0,NONE,0,0,NONE,0,0,NONE,0,0,NONE,0,0,33
7,NAVEL East,OldRod,25,NONE,0,0,NONE,0,0,NONE,0,0,NONE,0,0,NONE,0,0,41
7,NAVEL East,GoodRod,50,NONE,0,0,NONE,0,0,NONE,0,0,NONE,0,0,NONE,0,0,41
7,NAVEL East,SuperRod,75,NONE,0,0,NONE,0,0,NONE,0,0,NONE,0,0,NONE,0,0,41
8,BLAZE FOREST,OldRod,25,NONE,0,0,NONE,0,0,NONE,0,0,NONE,0,0,NONE,0,0,43
8,BLAZE FOREST,GoodRod,50,NONE,0,0,NONE,0,0,NONE,0,0,NONE,0,0,NONE,0,0,43
8,BLAZE FOREST,SuperRod,75,NONE,0,0,NONE,0,0,NONE,0,0,NONE,0,0,NONE,0,0,43
9,Cave Generic 1,OldRod,25,NONE,0,0,NONE,0,0,NONE,0,0,NONE,0,0,NONE,0,0,35;36;38;44;45;341
9,Cave Generic 1,GoodRod,50,NONE,0,0,NONE,0,0,NONE,0,0,NONE,0,0,NONE,0,0,35;36;38;44;45;341
9,Cave Generic 1,SuperRod,75,NONE,0,0,NONE,0,0,NONE,0,0,NONE,0,0,NONE,0,0,35;36;38;44;45;341
10,LOB FOREST 1,OldRod,25,NONE,0,0,NONE,0,0,NONE,0,0,NONE,0,0,NONE,0,0,47;259;263;264;265
10,LOB FOREST 1,GoodRod,50,NONE,0,0,NONE,0,0,NONE,0,0,NONE,0,0,NONE,0,0,47;259;263;264;265
10,LOB FOREST 1,SuperRod,75,NONE,0,0,NONE,0,0,NONE,0,0,NONE,0,0,NONE,0,0,47;259;263;264;265
11,LOB FOREST 2,OldRod,25,NONE,0,0,NONE,0,0,NONE,0,0,NONE,0,0,NONE,0,0,48;490
11,LOB FOREST 2,GoodRod,50,NONE,0,0,NONE,0,0,NONE,0,0,NONE,0,0,NONE,0,0,48;490
11,LOB FOREST 2,SuperRod,75,NONE,0,0,NONE,0,0,NONE,0,0,NONE,0,0,NONE,0,0,48;490
12,LOB FOREST 3,OldRod,25,NONE,0,0,NONE,0,0,NONE,0,0,NONE,0,0,NONE,0,0,49;492
12,LOB FOREST 3,GoodRod,50,NONE,0,0,NONE,0,0,NONE,0,0,NONE,0,0,NONE,0,0,49;492
12,LOB FOREST 3,SuperRod,75,NONE,0,0,NONE,0,0,NONE,0,0,NONE,0,0,NONE,0,0,49;492
13,LOB FOREST 4,OldRod,25,NONE,0,0,NONE,0,0,NONE,0,0,NONE,0,0,NONE,0,0,50;491
13,LOB FOREST 4,GoodRod,50,NONE,0,0,NONE,0,0,NONE,0,0,NONE,0,0,NONE,0,0,50;491
13,LOB FOREST 4,SuperRod,75,NONE,0,0,NONE,0,0,NONE,0,0,NONE,0,0,NONE,0,0,50;491
14,LOB FOREST 5,OldRod,25,NONE,0,0,NONE,0,0,NONE,0,0,NONE,0,0,NONE,0,0,51
14,LOB FOREST 5,GoodRod,50,NONE,0,0,NONE,0,0,NONE,0,0,NONE,0,0,NONE,0,0,51
14,LOB FOREST 5,SuperRod,75,NONE,0,0,NONE,0,0,NONE,0,0,NONE,0,0,NONE,0,0,51
15,LOB FOREST 6,OldRod,25,NONE,0,0,NONE,0,0,NONE,0,0,NONE,0,0,NONE,0,0,52
15,LOB FOREST 6,GoodRod,50,NONE,0,0,NONE,0,0,NONE,0,0,NONE,0,0,NONE,0,0,52
15,LOB FOREST 6,SuperRod,75,NONE,0,0,NONE,0,0,NONE,0,0,NONE,0,0,NONE,0,0,52
16,LOB FOREST 7,OldRod,25,NONE,0,0,NONE,0,0,NONE,0,0,NONE,0,0,NONE,0,0,53
16,LOB FOREST 7,GoodRod,50,NONE,0,0,NONE,0,0,NONE,0,0,NONE,0,0,NONE,0,0,53
16,LOB FOREST 7,SuperRod,75,NONE,0,0,NONE,0,0,NONE,0,0,NONE,0,0,NONE,0,0,53
17,LOB FOREST 8,OldRod,25,NONE,0,0,NONE,0,0,NONE,0,0,NONE,0,0,NONE,0,0,54;55
17,LOB FOREST 8,GoodRod,50,NONE,0,0,NONE,0,0,NONE,0,0,NONE,0,0,NONE,0,0,54;55
17,LOB FOREST 8,SuperRod,75,NONE,0,0,NONE,0,0,NONE,0,0,NONE,0,0,NONE,0,0,54;55
18,ROUTE 4,OldRod,25,NONE,0,0,NONE,0,0,NONE,0,0,NONE,0,0,NONE,0,0,56;81
18,ROUTE 4,GoodRod,50,NONE,0,0,NONE,0,0,NONE,0,0,NONE,0,0,NONE,0,0,56;81
18,ROUTE 4,SuperRod,75,NONE,0,0,NONE,0,0,NONE,0,0,NONE,0,0,NONE,0,0,56;81
19,ROUTE 5 AREA 1,OldRod,25,NONE,0,0,NONE,0,0,NONE,0,0,NONE,0,0,NONE,0,0,78;83
19,ROUTE 5 AREA 1,GoodRod,50,NONE,0,0,NONE,0,0,NONE,0,0,NONE,0,0,NONE,0,0,78;83
19,ROUTE 5 AREA 1,SuperRod,75,NONE,0,0,NONE,0,0,NONE,0,0,NONE,0,0,NONE,0,0,78;83
20,ROUTE 5 AREA 2,OldRod,25,NONE,0,0,NONE,0,0,NONE,0,0,NONE,0,0,NONE,0,0,103
20,ROUTE 5 AREA 2,GoodRod,50,NONE,0,0,NONE,0,0,NONE,0,0,NONE,0,0,NONE,0,0,103
20,ROUTE 5 AREA 2,SuperRod,75,NONE,0,0,NONE,0,0,NONE,0,0,NONE,0,0,NONE,0,0,103
21,ROUTE 5 AREA 3,OldRod,25,NONE,0,0,NONE,0,0,NONE,0,0,NONE,0,0,NONE,0,0,106
21,ROUTE 5 AREA 3,GoodRod,50,NONE,0,0,NONE,0,0,NONE,0,0,NONE,0,0,NONE,0,0,106
21,ROUTE 5 AREA 3,SuperRod,75,NONE,0,0,NONE,0,0,NONE,0,0,NONE,0,0,NONE,0,0,106
22,ROUTE 5 AREA 4,OldRod,25,NONE,0,0,NONE,0,0,NONE,0,0,NONE,0,0,NONE,0,0,107;119
22,ROUTE 5 AREA 4,GoodRod,50,NONE,0,0,NONE,0,0,NONE,0,0,NONE,0,0,NONE,0,0,107;119
22,ROUTE 5 AREA 4,SuperRod,75,NONE,0,0,NONE,0,0,NONE,0,0,NONE,0,0,NONE,0,0,107;119
23,ROUTE 6 AREA 1,OldRod,25,NONE,0,0,NONE,0,0,NONE,0,0,NONE,0,0,NONE,0,0,121
23,ROUTE 6 AREA 1,GoodRod,50,NONE,0,0,NONE,0,0,NONE,0,0,NONE,0,0,NONE,0,0,121
23,ROUTE 6 AREA 1,SuperRod,75,NONE,0,0,NONE,0,0,NONE,0,0,NONE,0,0,NONE,0,0,121
24,ROUTE 6 AREA 2,OldRod,25,NONE,0,0,NONE,0,0,NONE,0,0,NONE,0,0,NONE,0,0,122;487
24,ROUTE 6 AREA 2,GoodRod,50,NONE,0,0,NONE,0,0,NONE,0,0,NONE,0,0,NONE,0,0,122;487
24,ROUTE 6 AREA 2,SuperRod,75,NONE,0,0,NONE,0,0,NONE,0,0,NONE,0,0,NONE,0,0,122;487
25,ROUTE 6 AREA 3,OldRod,25,NONE,0,0,NONE,0,0,NONE,0,0,NONE,0,0,NONE,0,0,123
25,ROUTE 6 AREA 3,GoodRod,50,NONE,0,0,NONE,0,0,NONE,0,0,NONE,0,0,NONE,0,0,123
25,ROUTE 6 AREA 3,SuperRod,75,NONE,0,0,NONE,0,0,NONE,0,0,NONE,0,0,NONE,0,0,123
26,ROUTE 6 AREA 4,OldRod,25,NONE,0,0,NONE,0,0,NONE,0,0,NONE,0,0,NONE,0,0,124
26,ROUTE 6 AREA 4,GoodRod,50,NONE,0,0,NONE,0,0,NONE,0,0,NONE,0,0,NONE,0,0,124
26,ROUTE 6 AREA 4,SuperRod,75,NONE,0,0,NONE,0,0,NONE,0,0,NONE,0,0,NONE,0,0,124
27,SUB CAVE 1,OldRod,25,NONE,0,0,NONE,0,0,NONE,0,0,NONE,0,0,NONE,0,0,84
27,SUB CAVE 1,GoodRod,50,NONE,0,0,NONE,0,0,NONE,0,0,NONE,0,0,NONE,0,0,84
27,SUB CAVE 1,SuperRod,75,NONE,0,0,NONE,0,0,NONE,0,0,NONE,0,0,NONE,0,0,84
28,SUB CAVE 2,OldRod,25,NONE,0,0,NONE,0,0,NONE,0,0,NONE,0,0,NONE,0,0,7;85
28,SUB CAVE 2,GoodRod,50,NONE,0,0,NONE,0,0,NONE,0,0,NONE,0,0,NONE,0,0,7;85
28,SUB CAVE 2,SuperRod,75,NONE,0,0,NONE,0,0,NONE,0,0,NONE,0,0,NONE,0,0,7;85
29,SUB PATH 1,OldRod,25,NONE,0,0,NONE,0,0,NONE,0,0,NONE,0,0,NONE,0,0,86
29,SUB PATH 1,GoodRod,50,NONE,0,0,NONE,0,0,NONE,0,0,NONE,0,0,NONE,0,0,86
29,SUB PATH 1,SuperRod,75,NONE,0,0,NONE,0,0,NONE,0,0,NONE,0,0,NONE,0,0,86
30,SUB PATH 2,OldRod,25,NONE,0,0,NONE,0,0,NONE,0,0,NONE,0,0,NONE,0,0,87
30,SUB PATH 2,GoodRod,50,NONE,0,0,NONE,0,0,NONE,0,0,NONE,0,0,NONE,0,0,87
30,SUB PATH 2,SuperRod,75,NONE,0,0,NONE,0,0,NONE,0,0,NONE,0,0,NONE,0,0,87
31,SUB PATH 3,OldRod,25,NONE,0,0,NONE,0,0,NONE,0,0,NONE,0,0,NONE,0,0,88
31,SUB PATH 3,GoodRod,50,NONE,0,0,NONE,0,0,NONE,0,0,NONE,0,0,NONE,0,0,88
31,SUB PATH 3,SuperRod,75,NONE,0,0,NONE,0,0,NONE,0,0,NONE,0,0,NONE,0,0,88
32,SUB PATH 4,OldRod,25,NONE,0,0,NONE,0,0,NONE,0,0,NONE,0,0,NONE,0,0,89
32,SUB PATH 4,GoodRod,50,NONE,0,0,NONE,0,0,NONE,0,0,NONE,0,0,NONE,0,0,89
32,SUB PATH 4,SuperRod,75,NONE,0,0,NONE,0,0,NONE,0,0,NONE,0,0,NONE,0,0,89
33,ROCK PASSAGE,OldRod,25,NONE,0,0,NONE,0,0,NONE,0,0,NONE,0,0,NONE,0,0,90
33,ROCK PASSAGE,GoodRod,50,NONE,0,0,NONE,0,0,NONE,0,0,NONE,0,0,NONE,0,0,90
33,ROCK PASSAGE,SuperRod,75,NONE,0,0,NONE,0,0,NONE,0,0,NONE,0,0,NONE,0,0,90
34,ICE PASSAGE,OldRod,25,NONE,0,0,NONE,0,0,NONE,0,0,NONE,0,0,NONE,0,0,91
34,ICE PASSAGE,GoodRod,50,NONE,0,0,NONE,0,0,NONE,0,0,NONE,0,0,NONE,0,0,91
34,ICE PASSAGE,SuperRod,75,NONE,0,0,NONE,0,0,NONE,0,0,NONE,0,0,NONE,0,0,91
35,STEEL PASSAGE,OldRod,25,NONE,0,0,NONE,0,0,NONE,0,0,NONE,0,0,NONE,0,0,92
35,STEEL PASSAGE,GoodRod,50,NONE,0,0,NONE,0,0,NONE,0,0,NONE,0,0,NONE,0,0,92
35,STEEL PASSAGE,SuperRod,75,NONE,0,0,NONE,0,0,NONE,0,0,NONE,0,0,NONE,0,0,92
36,SANSTONE CAVE,OldRod,25,NONE,0,0,NONE,0,0,NONE,0,0,NONE,0,0,NONE,0,0,105
36,SANSTONE CAVE,GoodRod,50,NONE,0,0,NONE,0,0,NONE,0,0,NONE,0,0,NONE,0,0,105
36,SANSTONE CAVE,SuperRod,75,NONE,0,0,NONE,0,0,NONE,0,0,NONE,0,0,NONE,0,0,105
37,FISHERMAN,OldRod,25,NONE,0,0,NONE,0,0,NONE,0,0,NONE,0,0,NONE,0,0,
37,FISHERMAN,GoodRod,50,NONE,0,0,NONE,0,0,NONE,0,0,NONE,0,0,NONE,0,0,
37,FISHERMAN,SuperRod,75,NONE,0,0,NONE,0,0,NONE,0,0,NONE,0,0,NONE,0,0,
38,PALM TREE,OldRod,25,NONE,0,0,NONE,0,0,NONE,0,0,NONE,0,0,NONE,0,0,
38,PALM TREE,GoodRod,50,NONE,0,0,NONE,0,0,NONE,0,0,NONE,0,0,NONE,0,0,
38,PALM TREE,SuperRod,75,NONE,0,0,NONE,0,0,NONE,0,0,NONE,0,0,NONE,0,0,
39,Cave Generic 2,OldRod,25,NONE,0,0,NONE,0,0,NONE,0,0,NONE,0,0,NONE,0,0,131;145;146
39,Cave Generic 2,GoodRod,50,NONE,0,0,NONE,0,0,NONE,0,0,NONE,0,0,NONE,0,0,131;145;146
39,Cave Generic 2,SuperRod,75,NONE,0,0,NONE,0,0,NONE,0,0,NONE,0,0,NONE,0,0,131;145;146
40,WAYDOWN CAVE,OldRod,25,NONE,0,0,NONE,0,0,NONE,0,0,NONE,0,0,NONE,0,0,147;148
40,WAYDOWN CAVE,GoodRod,50,NONE,0,0,NONE,0,0,NONE,0,0,NONE,0,0,NONE,0,0,147;148
40,WAYDOWN CAVE,SuperRod,75,NONE,0,0,NONE,0,0,NONE,0,0,NONE,0,0,NONE,0,0,147;148
41,ROUTE 7 AREA 1,OldRod,25,NONE,0,0,NONE,0,0,NONE,0,0,NONE,0,0,NONE,0,0,129
41,ROUTE 7 AREA 1,GoodRod,50,NONE,0,0,NONE,0,0,NONE,0,0,NONE,0,0,NONE,0,0,129
41,ROUTE 7 AREA 1,SuperRod,75,NONE,0,0,NONE,0,0,NONE,0,0,NONE,0,0,NONE,0,0,129
42,ROUTE 7 AREA 2,OldRod,25,NONE,0,0,NONE,0,0,NONE,0,0,NONE,0,0,NONE,0,0,130
42,ROUTE 7 AREA 2,GoodRod,50,NONE,0,0,NONE,0,0,NONE,0,0,NONE,0,0,NONE,0,0,130
42,ROUTE 7 AREA 2,SuperRod,75,NONE,0,0,NONE,0,0,NONE,0,0,NONE,0,0,NONE,0,0,130
43,ROUTE 7 AREA 3,OldRod,25,NONE,0,0,NONE,0,0,NONE,0,0,NONE,0,0,NONE,0,0,134
43,ROUTE 7 AREA 3,GoodRod,50,NONE,0,0,NONE,0,0,NONE,0,0,NONE,0,0,NONE,0,0,134
43,ROUTE 7 AREA 3,SuperRod,75,NONE,0,0,NONE,0,0,NONE,0,0,NONE,0,0,NONE,0,0,134
44,ROUTE 7 AREA 4,OldRod,25,NONE,0,0,NONE,0,0,NONE,0,0,NONE,0,0,NONE,0,0,136
44,ROUTE 7 AREA 4,GoodRod,50,NONE,0,0,NONE,0,0,NONE,0,0,NONE,0,0,NONE,0,0,136
44,ROUTE 7 AREA 4,SuperRod,75,NONE,0,0,NONE,0,0,NONE,0,0,NONE,0,0,NONE,0,0,136
45,ROUTE 8 AREA 1,OldRod,25,NONE,0,0,NONE,0,0,NONE,0,0,NONE,0,0,NONE,0,0,150
45,ROUTE 8 AREA 1,GoodRod,50,NONE,0,0,NONE,0,0,NONE,0,0,NONE,0,0,NONE,0,0,150
45,ROUTE 8 AREA 1,SuperRod,75,NONE,0,0,NONE,0,0,NONE,0,0,NONE,0,0,NONE,0,0,150
46,ROUTE 8 AREA 2,OldRod,25,NONE,0,0,NONE,0,0,NONE,0,0,NONE,0,0,NONE,0,0,151
46,ROUTE 8 AREA 2,GoodRod,50,NONE,0,0,NONE,0,0,NONE,0,0,NONE,0,0,NONE,0,0,151
46,ROUTE 8 AREA 2,SuperRod,75,NONE,0,0,NONE,0,0,NONE,0,0,NONE,0,0,NONE,0,0,151
47,ROUTE 8 AREA 3,OldRod,25,NONE,0,0,NONE,0,0,NONE,0,0,NONE,0,0,NONE,0,0,161
47,ROUTE 8 AREA 3,GoodRod,50,NONE,0,0,NONE,0,0,NONE,0,0,NONE,0,0,NONE,0,0,161
47,ROUTE 8 AREA 3,SuperRod,75,NONE,0,0,NONE,0,0,NONE,0,0,NONE,0,0,NONE,0,0,161
48,ROUTE 8 AREA 4,OldRod,25,NONE,0,0,NONE,0,0,NONE,0,0,NONE,0,0,NONE,0,0,162;486
48,ROUTE 8 AREA 4,GoodRod,50,NONE,0,0,NONE,0,0,NONE,0,0,NONE,0,0,NONE,0,0,162;486
48,ROUTE 8 AREA 4,SuperRod,75,NONE,0,0,NONE,0,0,NONE,0,0,NONE,0,0,NONE,0,0,162;486
49,VOLTIC CAVE 1,OldRod,25,NONE,0,0,NONE,0,0,NONE,0,0,NONE,0,0,NONE,0,0,152
49,VOLTIC CAVE 1,GoodRod,50,NONE,0,0,NONE,0,0,NONE,0,0,NONE,0,0,NONE,0,0,152
49,VOLTIC CAVE 1,SuperRod,75,NONE,0,0,NONE,0,0,NONE,0,0,NONE,0,0,NONE,0,0,152
50,VOLTIC CAVE 2,OldRod,25,NONE,0,0,NONE,0,0,NONE,0,0,NONE,0,0,NONE,0,0,153
50,VOLTIC CAVE 2,GoodRod,50,NONE,0,0,NONE,0,0,NONE,0,0,NONE,0,0,NONE,0,0,153
50,VOLTIC CAVE 2,SuperRod,75,NONE,0,0,NONE,0,0,NONE,0,0,NONE,0,0,NONE,0,0,153
51,VOLTIC CAVE 3,OldRod,25,NONE,0,0,NONE,0,0,NONE,0,0,NONE,0,0,NONE,0,0,155
51,VOLTIC CAVE 3,GoodRod,50,NONE,0,0,NONE,0,0,NONE,0,0,NONE,0,0,NONE,0,0,155
51,VOLTIC CAVE 3,SuperRod,75,NONE,0,0,NONE,0,0,NONE,0,0,NONE,0,0,NONE,0,0,155
52,VOLTIC CAVE 4,OldRod,25,NONE,0,0,NONE,0,0,NONE,0,0,NONE,0,0,NONE,0,0,156
52,VOLTIC CAVE 4,GoodRod,50,NONE,0,0,NONE,0,0,NONE,0,0,NONE,0,0,NONE,0,0,156
52,VOLTIC CAVE 4,SuperRod,75,NONE,0,0,NONE,0,0,NONE,0,0,NONE,0,0,NONE,0,0,156
53,VOLTIC CAVE 5,OldRod,25,NONE,0,0,NONE,0,0,NONE,0,0,NONE,0,0,NONE,0,0,158
53,VOLTIC CAVE 5,GoodRod,50,NONE,0,0,NONE,0,0,NONE,0,0,NONE,0,0,NONE,0,0,158
53,VOLTIC CAVE 5,SuperRod,75,NONE,0,0,NONE,0,0,NONE,0,0,NONE,0,0,NONE,0,0,158
54,VOLTIC CAVE 6,OldRod,25,NONE,0,0,NONE,0,0,NONE,0,0,NONE,0,0,NONE,0,0,159
54,VOLTIC CAVE 6,GoodRod,50,NONE,0,0,NONE,0,0,NONE,0,0,NONE,0,0,NONE,0,0,159
54,VOLTIC CAVE 6,SuperRod,75,NONE,0,0,NONE,0,0,NONE,0,0,NONE,0,0,NONE,0,0,159
55,SYD FOREST 1,OldRod,25,NONE,0,0,NONE,0,0,NONE,0,0,NONE,0,0,NONE,0,0,232
55,SYD FOREST 1,GoodRod,50,NONE,0,0,NONE,0,0,NONE,0,0,NONE,0,0,NONE,0,0,232
55,SYD FOREST 1,SuperRod,75,NONE,0,0,NONE,0,0,NONE,0,0,NONE,0,0,NONE,0,0,232
56,SYD FOREST 2,OldRod,25,NONE,0,0,NONE,0,0,NONE,0,0,NONE,0,0,NONE,0,0,233
56,SYD FOREST 2,GoodRod,50,NONE,0,0,NONE,0,0,NONE,0,0,NONE,0,0,NONE,0,0,233
56,SYD FOREST 2,SuperRod,75,NONE,0,0,NONE,0,0,NONE,0,0,NONE,0,0,NONE,0,0,233
57,SYD FOREST 3,OldRod,25,NONE,0,0,NONE,0,0,NONE,0,0,NONE,0,0,NONE,0,0,234
57,SYD FOREST 3,GoodRod,50,NONE,0,0,NONE,0,0,NONE,0,0,NONE,0,0,NONE,0,0,234
57,SYD FOREST 3,SuperRod,75,NONE,0,0,NONE,0,0,NONE,0,0,NONE,0,0,NONE,0,0,234
58,SYD FOREST 4,OldRod,25,NONE,0,0,NONE,0,0,NONE,0,0,NONE,0,0,NONE,0,0,235
58,SYD FOREST 4,GoodRod,50,NONE,0,0,NONE,0,0,NONE,0,0,NONE,0,0,NONE,0,0,235
58,SYD FOREST 4,SuperRod,75,NONE,0,0,NONE,0,0,NONE,0,0,NONE,0,0,NONE,0,0,235
59,SYD FOREST 5,OldRod,25,NONE,0,0,NONE,0,0,NONE,0,0,NONE,0,0,NONE,0,0,236
59,SYD FOREST 5,GoodRod,50,NONE,0,0,NONE,0,0,NONE,0,0,NONE,0,0,NONE,0,0,236
59,SYD FOREST 5,SuperRod,75,NONE,0,0,NONE,0,0,NONE,0,0,NONE,0,0,NONE,0,0,236
60,SYD FOREST 6,OldRod,25,NONE,0,0,NONE,0,0,NONE,0,0,NONE,0,0,NONE,0,0,237
60,SYD FOREST 6,GoodRod,50,NONE,0,0,NONE,0,0,NONE,0,0,NONE,0,0,NONE,0,0,237
60,SYD FOREST 6,SuperRod,75,NONE,0,0,NONE,0,0,NONE,0,0,NONE,0,0,NONE,0,0,237
61,SYD FOREST 7,OldRod,25,NONE,0,0,NONE,0,0,NONE,0,0,NONE,0,0,NONE,0,0,238
61,SYD FOREST 7,GoodRod,50,NONE,0,0,NONE,0,0,NONE,0,0,NONE,0,0,NONE,0,0,238
61,SYD FOREST 7,SuperRod,75,NONE,0,0,NONE,0,0,NONE,0,0,NONE,0,0,NONE,0,0,238
62,SYD FOREST 8,OldRod,25,NONE,0,0,NONE,0,0,NONE,0,0,NONE,0,0,NONE,0,0,239
62,SYD FOREST 8,GoodRod,50,NONE,0,0,NONE,0,0,NONE,0,0,NONE,0,0,NONE,0,0,239
62,SYD FOREST 8,SuperRod,75,NONE,0,0,NONE,0,0,NONE,0,0,NONE,0,0,NONE,0,0,239
63,SYD FOREST 9,OldRod,25,NONE,0,0,NONE,0,0,NONE,0,0,NONE,0,0,NONE,0,0,240
63,SYD FOREST 9,GoodRod,50,NONE,0,0,NONE,0,0,NONE,0,0,NONE,0,0,NONE,0,0,240
63,SYD FOREST 9,SuperRod,75,NONE,0,0,NONE,0,0,NONE,0,0,NONE,0,0,NONE,0,0,240
64,ROUTE 12 AREA 1,OldRod,25,NONE,0,0,NONE,0,0,NONE,0,0,NONE,0,0,NONE,0,0,
64,ROUTE 12 AREA 1,GoodRod,50,NONE,0,0,NONE,0,0,NONE,0,0,NONE,0,0,NONE,0,0,
64,ROUTE 12 AREA 1,SuperRod,75,NONE,0,0,NONE,0,0,NONE,0,0,NONE,0,0,NONE,0,0,
65,ISLAND 1 AREA 1,OldRod,25,NONE,0,0,NONE,0,0,NONE,0,0,NONE,0,0,NONE,0,0,163
65,ISLAND 1 AREA 1,GoodRod,50,NONE,0,0,NONE,0,0,NONE,0,0,NONE,0,0,NONE,0,0,163
65,ISLAND 1 AREA 1,SuperRod,75,NONE,0,0,NONE,0,0,NONE,0,0,NONE,0,0,NONE,0,0,163
66,ISLAND 1 AREA 2,OldRod,25,NONE,0,0,NONE,0,0,NONE,0,0,NONE,0,0,NONE,0,0,
66,ISLAND 1 AREA 2,GoodRod,50,NONE,0,0,NONE,0,0,NONE,0,0,NONE,0,0,NONE,0,0,
66,ISLAND 1 AREA 2,SuperRod,75,NONE,0,0,NONE,0,0,NONE,0,0,NONE,0,0,NONE,0,0,
67,ISLAND 1 AREA 3,OldRod,25,NONE,0,0,NONE,0,0,NONE,0,0,NONE,0,0,NONE,0,0,
67,ISLAND 1 AREA 3,GoodRod,50,NONE,0,0,NONE,0,0,NONE,0,0,NONE,0,0,NONE,0,0,
67,ISLAND 1 AREA 3,SuperRod,75,NONE,0,0,NONE,0,0,NONE,0,0,NONE,0,0,NONE,0,0,
68,ISLAND 1 AREA 4,OldRod,25,NONE,0,0,NONE,0,0,NONE,0,0,NONE,0,0,NONE,0,0,
68,ISLAND 1 AREA 4,GoodRod,50,NONE,0,0,NONE,0,0,NONE,0,0,NONE,0,0,NONE,0,0,
68,ISLAND 1 AREA 4,SuperRod,75,NONE,0,0,NONE,0,0,NONE,0,0,NONE,0,0,NONE,0,0,
69,ISLAND 1 AREA 5,OldRod,25,NONE,0,0,NONE,0,0,NONE,0,0,NONE,0,0,NONE,0,0,
69,ISLAND 1 AREA 5,GoodRod,50,NONE,0,0,NONE,0,0,NONE,0,0,NONE,0,0,NONE,0,0,
69,ISLAND 1 AREA 5,SuperRod,75,NONE,0,0,NONE,0,0,NONE,0,0,NONE,0,0,NONE,0,0,
70,ISLAND 1 AREA 6,OldRod,25,NONE,0,0,NONE,0,0,NONE,0,0,NONE,0,0,NONE,0,0,
70,ISLAND 1 AREA 6,GoodRod,50,NONE,0,0,NONE,0,0,NONE,0,0,NONE,0,0,NONE,0,0,
70,ISLAND 1 AREA 6,SuperRod,75,NONE,0,0,NONE,0,0,NONE,0,0,NONE,0,0,NONE,0,0,
71,ISLAND 1 AREA 7,OldRod,25,NONE,0,0,NONE,0,0,NONE,0,0,NONE,0,0,NONE,0,0,
71,ISLAND 1 AREA 7,GoodRod,50,NONE,0,0,NONE,0,0,NONE,0,0,NONE,0,0,NONE,0,0,
71,ISLAND 1 AREA 7,SuperRod,75,NONE,0,0,NONE,0,0,NONE,0,0,NONE,0,0,NONE,0,0,
72,ISLAND 1 AREA 8,OldRod,25,NONE,0,0,NONE,0,0,NONE,0,0,NONE,0,0,NONE,0,0,
72,ISLAND 1 AREA 8,GoodRod,50,NONE,0,0,NONE,0,0,NONE,0,0,NONE,0,0,NONE,0,0,
72,ISLAND 1 AREA 8,SuperRod,75,NONE,0,0,NONE,0,0,NONE,0,0,NONE,0,0,NONE,0,0,
73,Dark Cave 1,OldRod,25,NONE,0,0,NONE,0,0,NONE,0,0,NONE,0,0,NONE,0,0,
73,Dark Cave 1,GoodRod,50,NONE,0,0,NONE,0,0,NONE,0,0,NONE,0,0,NONE,0,0,
73,Dark Cave 1,SuperRod,75,NONE,0,0,NONE,0,0,NONE,0,0,NONE,0,0,NONE,0,0,
74,Dark Cave 2,OldRod,25,NONE,0,0,NONE,0,0,NONE,0,0,NONE,0,0,NONE,0,0,
74,Dark Cave 2,GoodRod,50,NONE,0,0,NONE,0,0,NONE,0,0,NONE,0,0,NONE,0,0,
74,Dark Cave 2,SuperRod,75,NONE,0,0,NONE,0,0,NONE,0,0,NONE,0,0,NONE,0,0,
75,ISLAND CAVE AREA 1,OldRod,25,NONE,0,0,NONE,0,0,NONE,0,0,NONE,0,0,NONE,0,0,
75,ISLAND CAVE AREA 1,GoodRod,50,NONE,0,0,NONE,0,0,NONE,0,0,NONE,0,0,NONE,0,0,
75,ISLAND CAVE AREA 1,SuperRod,75,NONE,0,0,NONE,0,0,NONE,0,0,NONE,0,0,NONE,0,0,
76,ISLAND CAVE AREA 2,OldRod,25,NONE,0,0,NONE,0,0,NONE,0,0,NONE,0,0,NONE,0,0,
76,ISLAND CAVE AREA 2,GoodRod,50,NONE,0,0,NONE,0,0,NONE,0,0,NONE,0,0,NONE,0,0,
76,ISLAND CAVE AREA 2,SuperRod,75,NONE,0,0,NONE,0,0,NONE,0,0,NONE,0,0,NONE,0,0,
77,ISLAND CAVE AREA 3,OldRod,25,NONE,0,0,NONE,0,0,NONE,0,0,NONE,0,0,NONE,0,0,
77,ISLAND CAVE AREA 3,GoodRod,50,NONE,0,0,NONE,0,0,NONE,0,0,NONE,0,0,NONE,0,0,
77,ISLAND CAVE AREA 3,SuperRod,75,NONE,0,0,NONE,0,0,NONE,0,0,NONE,0,0,NONE,0,0,
78,ISLAND 2 AREA 1,OldRod,25,NONE,0,0,NONE,0,0,NONE,0,0,NONE,0,0,NONE,0,0,456
78,ISLAND 2 AREA 1,GoodRod,50,NONE,0,0,NONE,0,0,NONE,0,0,NONE,0,0,NONE,0,0,456
78,ISLAND 2 AREA 1,SuperRod,75,NONE,0,0,NONE,0,0,NONE,0,0,NONE,0,0,NONE,0,0,456
79,ISLAND 2 AREA 2,OldRod,25,NONE,0,0,NONE,0,0,NONE,0,0,NONE,0,0,NONE,0,0,462
79,ISLAND 2 AREA 2,GoodRod,50,NONE,0,0,NONE,0,0,NONE,0,0,NONE,0,0,NONE,0,0,462
79,ISLAND 2 AREA 2,SuperRod,75,NONE,0,0,NONE,0,0,NONE,0,0,NONE,0,0,NONE,0,0,462
80,ISLAND 2 AREA 3,OldRod,25,NONE,0,0,NONE,0,0,NONE,0,0,NONE,0,0,NONE,0,0,463
80,ISLAND 2 AREA 3,GoodRod,50,NONE,0,0,NONE,0,0,NONE,0,0,NONE,0,0,NONE,0,0,463
80,ISLAND 2 AREA 3,SuperRod,75,NONE,0,0,NONE,0,0,NONE,0,0,NONE,0,0,NONE,0,0,463
81,ISLAND 2 AREA 4,OldRod,25,NONE,0,0,NONE,0,0,NONE,0,0,NONE,0,0,NONE,0,0,464
81,ISLAND 2 AREA 4,GoodRod,50,NONE,0,0,NONE,0,0,NONE,0,0,NONE,0,0,NONE,0,0,464
81,ISLAND 2 AREA 4,SuperRod,75,NONE,0,0,NONE,0,0,NONE,0,0,NONE,0,0,NONE,0,0,464
82,ISLAND 3 AREA 1,OldRod,25,NONE,0,0,NONE,0,0,NONE,0,0,NONE,0,0,NONE,0,0,
82,ISLAND 3 AREA 1,GoodRod,50,NONE,0,0,NONE,0,0,NONE,0,0,NONE,0,0,NONE,0,0,
82,ISLAND 3 AREA 1,SuperRod,75,NONE,0,0,NONE,0,0,NONE,0,0,NONE,0,0,NONE,0,0,
83,ISLAND 3 AREA 2,OldRod,25,NONE,0,0,NONE,0,0,NONE,0,0,NONE,0,0,NONE,0,0,
83,ISLAND 3 AREA 2,GoodRod,50,NONE,0,0,NONE,0,0,NONE,0,0,NONE,0,0,NONE,0,0,
83,ISLAND 3 AREA 2,SuperRod,75,NONE,0,0,NONE,0,0,NONE,0,0,NONE,0,0,NONE,0,0,
84,ISLAND 4 AREA 1,OldRod,25,NONE,0,0,NONE,0,0,NONE,0,0,NONE,0,0,NONE,0,0,
84,ISLAND 4 AREA 1,GoodRod,50,NONE,0,0,NONE,0,0,NONE,0,0,NONE,0,0,NONE,0,0,
84,ISLAND 4 AREA 1,SuperRod,75,NONE,0,0,NONE,0,0,NONE,0,0,NONE,0,0,NONE,0,0,
85,ISLAND 4 AREA 2,OldRod,25,NONE,0,0,NONE,0,0,NONE,0,0,NONE,0,0,NONE,0,0,
85,ISLAND 4 AREA 2,GoodRod,50,NONE,0,0,NONE,0,0,NONE,0,0,NONE,0,0,NONE,0,0,
85,ISLAND 4 AREA 2,SuperRod,75,NONE,0,0,NONE,0,0,NONE,0,0,NONE,0,0,NONE,0,0,
86,ISLAND 4 AREA 3,OldRod,25,NONE,0,0,NONE,0,0,NONE,0,0,NONE,0,0,NONE,0,0,
86,ISLAND 4 AREA 3,GoodRod,50,NONE,0,0,NONE,0,0,NONE,0,0,NONE,0,0,NONE,0,0,
86,ISLAND 4 AREA 3,SuperRod,75,NONE,0,0,NONE,0,0,NONE,0,0,NONE,0,0,NONE,0,0,
87,ISLAND 5 AREA 1,OldRod,25,NONE,0,0,NONE,0,0,NONE,0,0,NONE,0,0,NONE,0,0,460
87,ISLAND 5 AREA 1,GoodRod,50,NONE,0,0,NONE,0,0,NONE,0,0,NONE,0,0,NONE,0,0,460
87,ISLAND 5 AREA 1,SuperRod,75,NONE,0,0,NONE,0,0,NONE,0,0,NONE,0,0,NONE,0,0,460
88,ISLAND 5 AREA 2,OldRod,25,NONE,0,0,NONE,0,0,NONE,0,0,NONE,0,0,NONE,0,0,461
88,ISLAND 5 AREA 2,GoodRod,50,NONE,0,0,NONE,0,0,NONE,0,0,NONE,0,0,NONE,0,0,461
88,ISLAND 5 AREA 2,SuperRod,75,NONE,0,0,NONE,0,0,NONE,0,0,NONE,0,0,NONE,0,0,461
89,ISLAND 6 AREA 1,OldRod,25,NONE,0,0,NONE,0,0,NONE,0,0,NONE,0,0,NONE,0,0,459
89,ISLAND 6 AREA 1,GoodRod,50,NONE,0,0,NONE,0,0,NONE,0,0,NONE,0,0,NONE,0,0,459
89,ISLAND 6 AREA 1,SuperRod,75,NONE,0,0,NONE,0,0,NONE,0,0,NONE,0,0,NONE,0,0,459
90,ISLAND 6 AREA 2,OldRod,25,NONE,0,0,NONE,0,0,NONE,0,0,NONE,0,0,NONE,0,0,
90,ISLAND 6 AREA 2,GoodRod,50,NONE,0,0,NONE,0,0,NONE,0,0,NONE,0,0,NONE,0,0,
90,ISLAND 6 AREA 2,SuperRod,75,NONE,0,0,NONE,0,0,NONE,0,0,NONE,0,0,NONE,0,0,
91,ISLAND 7 AREA 1,OldRod,25,NONE,0,0,NONE,0,0,NONE,0,0,NONE,0,0,NONE,0,0,357;411;412
91,ISLAND 7 AREA 1,GoodRod,50,NONE,0,0,NONE,0,0,NONE,0,0,NONE,0,0,NONE,0,0,357;411;412
91,ISLAND 7 AREA 1,SuperRod,75,NONE,0,0,NONE,0,0,NONE,0,0,NONE,0,0,NONE,0,0,357;411;412
92,ISLAND 7 AREA 2,OldRod,25,NONE,0,0,NONE,0,0,NONE,0,0,NONE,0,0,NONE,0,0,
92,ISLAND 7 AREA 2,GoodRod,50,NONE,0,0,NONE,0,0,NONE,0,0,NONE,0,0,NONE,0,0,
92,ISLAND 7 AREA 2,SuperRod,75,NONE,0,0,NONE,0,0,NONE,0,0,NONE,0,0,NONE,0,0,
93,ISLAND 7 AREA 3,OldRod,25,NONE,0,0,NONE,0,0,NONE,0,0,NONE,0,0,NONE,0,0,
93,ISLAND 7 AREA 3,GoodRod,50,NONE,0,0,NONE,0,0,NONE,0,0,NONE,0,0,NONE,0,0,
93,ISLAND 7 AREA 3,SuperRod,75,NONE,0,0,NONE,0,0,NONE,0,0,NONE,0,0,NONE,0,0,
94,ISLAND 7 AREA 4,OldRod,25,NONE,0,0,NONE,0,0,NONE,0,0,NONE,0,0,NONE,0,0,
94,ISLAND 7 AREA 4,GoodRod,50,NONE,0,0,NONE,0,0,NONE,0,0,NONE,0,0,NONE,0,0,
94,ISLAND 7 AREA 4,SuperRod,75,NONE,0,0,NONE,0,0,NONE,0,0,NONE,0,0,NONE,0,0,
95,ISLAND 7 AREA 5,OldRod,25,NONE,0,0,NONE,0,0,NONE,0,0,NONE,0,0,NONE,0,0,
95,ISLAND 7 AREA 5,GoodRod,50,NONE,0,0,NONE,0,0,NONE,0,0,NONE,0,0,NONE,0,0,
95,ISLAND 7 AREA 5,SuperRod,75,NONE,0,0,NONE,0,0,NONE,0,0,NONE,0,0,NONE,0,0,
96,ISLAND 7 AREA 6,OldRod,25,NONE,0,0,NONE,0,0,NONE,0,0,NONE,0,0,NONE,0,0,
96,ISLAND 7 AREA 6,GoodRod,50,NONE,0,0,NONE,0,0,NONE,0,0,NONE,0,0,NONE,0,0,
96,ISLAND 7 AREA 6,SuperRod,75,NONE,0,0,NONE,0,0,NONE,0,0,NONE,0,0,NONE,0,0,
97,ISLAND 8 AREA 1,OldRod,25,NONE,0,0,NONE,0,0,NONE,0,0,NONE,0,0,NONE,0,0,
97,ISLAND 8 AREA 1,GoodRod,50,NONE,0,0,NONE,0,0,NONE,0,0,NONE,0,0,NONE,0,0,
97,ISLAND 8 AREA 1,SuperRod,75,NONE,0,0,NONE,0,0,NONE,0,0,NONE,0,0,NONE,0,0,
98,ISLAND 8 AREA 2,OldRod,25,NONE,0,0,NONE,0,0,NONE,0,0,NONE,0,0,NONE,0,0,
98,ISLAND 8 AREA 2,GoodRod,50,NONE,0,0,NONE,0,0,NONE,0,0,NONE,0,0,NONE,0,0,
98,ISLAND 8 AREA 2,SuperRod,75,NONE,0,0,NONE,0,0,NONE,0,0,NONE,0,0,NONE,0,0,
99,ISLAND 9 AREA 1,OldRod,25,NONE,0,0,NONE,0,0,NONE,0,0,NONE,0,0,NONE,0,0,
99,ISLAND 9 AREA 1,GoodRod,50,NONE,0,0,NONE,0,0,NONE,0,0,NONE,0,0,NONE,0,0,
99,ISLAND 9 AREA 1,SuperRod,75,NONE,0,0,NONE,0,0,NONE,0,0,NONE,0,0,NONE,0,0,
100,ISLAND 9 AREA 2,OldRod,25,NONE,0,0,NONE,0,0,NONE,0,0,NONE,0,0,NONE,0,0,
100,ISLAND 9 AREA 2,GoodRod,50,NONE,0,0,NONE,0,0,NONE,0,0,NONE,0,0,NONE,0,0,
100,ISLAND 9 AREA 2,SuperRod,75,NONE,0,0,NONE,0,0,NONE,0,0,NONE,0,0,NONE,0,0,
101,ISLAND 9 AREA 3,OldRod,25,NONE,0,0,NONE,0,0,NONE,0,0,NONE,0,0,NONE,0,0,
101,ISLAND 9 AREA 3,GoodRod,50,NONE,0,0,NONE,0,0,NONE,0,0,NONE,0,0,NONE,0,0,
101,ISLAND 9 AREA 3,SuperRod,75,NONE,0,0,NONE,0,0,NONE,0,0,NONE,0,0,NONE,0,0,
102,ROUTE 9 AREA 1,OldRod,25,NONE,0,0,NONE,0,0,NONE,0,0,NONE,0,0,NONE,0,0,242
102,ROUTE 9 AREA 1,GoodRod,50,NONE,0,0,NONE,0,0,NONE,0,0,NONE,0,0,NONE,0,0,242
102,ROUTE 9 AREA 1,SuperRod,75,NONE,0,0,NONE,0,0,NONE,0,0,NONE,0,0,NONE,0,0,242
103,ROUTE 9 AREA 2,OldRod,25,NONE,0,0,NONE,0,0,NONE,0,0,NONE,0,0,NONE,0,0,243
103,ROUTE 9 AREA 2,GoodRod,50,NONE,0,0,NONE,0,0,NONE,0,0,NONE,0,0,NONE,0,0,243
103,ROUTE 9 AREA 2,SuperRod,75,NONE,0,0,NONE,0,0,NONE,0,0,NONE,0,0,NONE,0,0,243
104,ROUTE 9 AREA 3,OldRod,25,NONE,0,0,NONE,0,0,NONE,0,0,NONE,0,0,NONE,0,0,244
104,ROUTE 9 AREA 3,GoodRod,50,NONE,0,0,NONE,0,0,NONE,0,0,NONE,0,0,NONE,0,0,244
104,ROUTE 9 AREA 3,SuperRod,75,NONE,0,0,NONE,0,0,NONE,0,0,NONE,0,0,NONE,0,0,244
105,ROUTE 9 AREA 4,OldRod,25,NONE,0,0,NONE,0,0,NONE,0,0,NONE,0,0,NONE,0,0,246
105,ROUTE 9 AREA 4,GoodRod,50,NONE,0,0,NONE,0,0,NONE,0,0,NONE,0,0,NONE,0,0,246
105,ROUTE 9 AREA 4,SuperRod,75,NONE,0,0,NONE,0,0,NONE,0,0,NONE,0,0,NONE,0,0,246
106,ROUTE 9 AREA 5,OldRod,25,NONE,0,0,NONE,0,0,NONE,0,0,NONE,0,0,NONE,0,0,247
106,ROUTE 9 AREA 5,GoodRod,50,NONE,0,0,NONE,0,0,NONE,0,0,NONE,0,0,NONE,0,0,247
106,ROUTE 9 AREA 5,SuperRod,75,NONE,0,0,NONE,0,0,NONE,0,0,NONE,0,0,NONE,0,0,247
107,ROUTE 10 AREA 1,OldRod,25,NONE,0,0,NONE,0,0,NONE,0,0,NONE,0,0,NONE,0,0,248
107,ROUTE 10 AREA 1,GoodRod,50,NONE,0,0,NONE,0,0,NONE,0,0,NONE,0,0,NONE,0,0,248
107,ROUTE 10 AREA 1,SuperRod,75,NONE,0,0,NONE,0,0,NONE,0,0,NONE,0,0,NONE,0,0,248
108,ROUTE 10 AREA 2,OldRod,25,NONE,0,0,NONE,0,0,NONE,0,0,NONE,0,0,NONE,0,0,249
108,ROUTE 10 AREA 2,GoodRod,50,NONE,0,0,NONE,0,0,NONE,0,0,NONE,0,0,NONE,0,0,249
108,ROUTE 10 AREA 2,SuperRod,75,NONE,0,0,NONE,0,0,NONE,0,0,NONE,0,0,NONE,0,0,249
109,ROUTE 10 AREA 3,OldRod,25,NONE,0,0,NONE,0,0,NONE,0,0,NONE,0,0,NONE,0,0,250
109,ROUTE 10 AREA 3,GoodRod,50,NONE,0,0,NONE,0,0,NONE,0,0,NONE,0,0,NONE,0,0,250
109,ROUTE 10 AREA 3,SuperRod,75,NONE,0,0,NONE,0,0,NONE,0,0,NONE,0,0,NONE,0,0,250
110,ROUTE 11 AREA 1,OldRod,25,NONE,0,0,NONE,0,0,NONE,0,0,NONE,0,0,NONE,0,0,221
110,ROUTE 11 AREA 1,GoodRod,50,NONE,0,0,NONE,0,0,NONE,0,0,NONE,0,0,NONE,0,0,221
110,ROUTE 11 AREA 1,SuperRod,75,NONE,0,0,NONE,0,0,NONE,0,0,NONE,0,0,NONE,0,0,221
111,ROUTE 11 AREA 2,OldRod,25,NONE,0,0,NONE,0,0,NONE,0,0,NONE,0,0,NONE,0,0,9;222
111,ROUTE 11 AREA 2,GoodRod,50,NONE,0,0,NONE,0,0,NONE,0,0,NONE,0,0,NONE,0,0,9;222
111,ROUTE 11 AREA 2,SuperRod,75,NONE,0,0,NONE,0,0,NONE,0,0,NONE,0,0,NONE,0,0,9;222
112,ROUTE 11 AREA 3,OldRod,25,NONE,0,0,NONE,0,0,NONE,0,0,NONE,0,0,NONE,0,0,223;225
112,ROUTE 11 AREA 3,GoodRod,50,NONE,0,0,NONE,0,0,NONE,0,0,NONE,0,0,NONE,0,0,223;225
112,ROUTE 11 AREA 3,SuperRod,75,NONE,0,0,NONE,0,0,NONE,0,0,NONE,0,0,NONE,0,0,223;225
113,ROUTE 11 AREA 4,OldRod,25,NONE,0,0,NONE,0,0,NONE,0,0,NONE,0,0,NONE,0,0,224
113,ROUTE 11 AREA 4,GoodRod,50,NONE,0,0,NONE,0,0,NONE,0,0,NONE,0,0,NONE,0,0,224
113,ROUTE 11 AREA 4,SuperRod,75,NONE,0,0,NONE,0,0,NONE,0,0,NONE,0,0,NONE,0,0,224
114,ROUTE 12 AREA 2,OldRod,25,NONE,0,0,NONE,0,0,NONE,0,0,NONE,0,0,NONE,0,0,261
114,ROUTE 12 AREA 2,GoodRod,50,NONE,0,0,NONE,0,0,NONE,0,0,NONE,0,0,NONE,0,0,261
114,ROUTE 12 AREA 2,SuperRod,75,NONE,0,0,NONE,0,0,NONE,0,0,NONE,0,0,NONE,0,0,261
115,ROUTE 12 AREA 3,OldRod,25,NONE,0,0,NONE,0,0,NONE,0,0,NONE,0,0,NONE,0,0,262
115,ROUTE 12 AREA 3,GoodRod,50,NONE,0,0,NONE,0,0,NONE,0,0,NONE,0,0,NONE,0,0,262
115,ROUTE 12 AREA 3,SuperRod,75,NONE,0,0,NONE,0,0,NONE,0,0,NONE,0,0,NONE,0,0,262
116,ULURU 1 A 1,OldRod,25,NONE,0,0,NONE,0,0,NONE,0,0,NONE,0,0,NONE,0,0,268;269;275;297
116,ULURU 1 A 1,GoodRod,50,NONE,0,0,NONE,0,0,NONE,0,0,NONE,0,0,NONE,0,0,268;269;275;297
116,ULURU 1 A 1,SuperRod,75,NONE,0,0,NONE,0,0,NONE,0,0,NONE,0,0,NONE,0,0,268;269;275;297
117,ULURU 1 A 2,OldRod,25,NONE,0,0,NONE,0,0,NONE,0,0,NONE,0,0,NONE,0,0,276
117,ULURU 1 A 2,GoodRod,50,NONE,0,0,NONE,0,0,NONE,0,0,NONE,0,0,NONE,0,0,276
117,ULURU 1 A 2,SuperRod,75,NONE,0,0,NONE,0,0,NONE,0,0,NONE,0,0,NONE,0,0,276
118,ULURU 1 A 3,OldRod,25,NONE,0,0,NONE,0,0,NONE,0,0,NONE,0,0,NONE,0,0,277
118,ULURU 1 A 3,GoodRod,50,NONE,0,0,NONE,0,0,NONE,0,0,NONE,0,0,NONE,0,0,277
118,ULURU 1 A 3,SuperRod,75,NONE,0,0,NONE,0,0,NONE,0,0,NONE,0,0,NONE,0,0,277
119,ROUTE 14 AREA 1,OldRod,25,NONE,0,0,NONE,0,0,NONE,0,0,NONE,0,0,NONE,0,0,278;279
119,ROUTE 14 AREA 1,GoodRod,50,NONE,0,0,NONE,0,0,NONE,0,0,NONE,0,0,NONE,0,0,278;279
119,ROUTE 14 AREA 1,SuperRod,75,NONE,0,0,NONE,0,0,NONE,0,0,NONE,0,0,NONE,0,0,278;279
120,ROUTE 14 AREA 2,OldRod,25,NONE,0,0,NONE,0,0,NONE,0,0,NONE,0,0,NONE,0,0,288
120,ROUTE 14 AREA 2,GoodRod,50,NONE,0,0,NONE,0,0,NONE,0,0,NONE,0,0,NONE,0,0,288
120,ROUTE 14 AREA 2,SuperRod,75,NONE,0,0,NONE,0,0,NONE,0,0,NONE,0,0,NONE,0,0,288
121,ROUTE 14 AREA 3,OldRod,25,NONE,0,0,NONE,0,0,NONE,0,0,NONE,0,0,NONE,0,0,289
121,ROUTE 14 AREA 3,GoodRod,50,NONE,0,0,NONE,0,0,NONE,0,0,NONE,0,0,NONE,0,0,289
121,ROUTE 14 AREA 3,SuperRod,75,NONE,0,0,NONE,0,0,NONE,0,0,NONE,0,0,NONE,0,0,289
122,ROUTE 14 AREA 4,OldRod,25,NONE,0,0,NONE,0,0,NONE,0,0,NONE,0,0,NONE,0,0,290
122,ROUTE 14 AREA 4,GoodRod,50,NONE,0,0,NONE,0,0,NONE,0,0,NONE,0,0,NONE,0,0,290
122,ROUTE 14 AREA 4,SuperRod,75,NONE,0,0,NONE,0,0,NONE,0,0,NONE,0,0,NONE,0,0,290
123,ROUTE 14 AREA 5,OldRod,25,NONE,0,0,NONE,0,0,NONE,0,0,NONE,0,0,NONE,0,0,286
123,ROUTE 14 AREA 5,GoodRod,50,NONE,0,0,NONE,0,0,NONE,0,0,NONE,0,0,NONE,0,0,286
123,ROUTE 14 AREA 5,SuperRod,75,NONE,0,0,NONE,0,0,NONE,0,0,NONE,0,0,NONE,0,0,286
124,ROUTE 14 AREA 6,OldRod,25,NONE,0,0,NONE,0,0,NONE,0,0,NONE,0,0,NONE,0,0,287
124,ROUTE 14 AREA 6,GoodRod,50,NONE,0,0,NONE,0,0,NONE,0,0,NONE,0,0,NONE,0,0,287
124,ROUTE 14 AREA 6,SuperRod,75,NONE,0,0,NONE,0,0,NONE,0,0,NONE,0,0,NONE,0,0,287
125,FROZEN CAVE AREA 1,OldRod,25,NONE,0,0,NONE,0,0,NONE,0,0,NONE,0,0,NONE,0,0,291;292
125,FROZEN CAVE AREA 1,GoodRod,50,NONE,0,0,NONE,0,0,NONE,0,0,NONE,0,0,NONE,0,0,291;292
125,FROZEN CAVE AREA 1,SuperRod,75,NONE,0,0,NONE,0,0,NONE,0,0,NONE,0,0,NONE,0,0,291;292
126,FROZEN CAVE AREA 2,OldRod,25,NONE,0,0,NONE,0,0,NONE,0,0,NONE,0,0,NONE,0,0,293
126,FROZEN CAVE AREA 2,GoodRod,50,NONE,0,0,NONE,0,0,NONE,0,0,NONE,0,0,NONE,0,0,293
126,FROZEN CAVE AREA 2,SuperRod,75,NONE,0,0,NONE,0,0,NONE,0,0,NONE,0,0,NONE,0,0,293
127,RELIC CAVE AREA 1,OldRod,25,NONE,0,0,NONE,0,0,NONE,0,0,NONE,0,0,NONE,0,0,294
127,RELIC CAVE AREA 1,GoodRod,50,NONE,0,0,NONE,0,0,NONE,0,0,NONE,0,0,NONE,0,0,294
127,RELIC CAVE AREA 1,SuperRod,75,NONE,0,0,NONE,0,0,NONE,0,0,NONE,0,0,NONE,0,0,294
128,RELIC CAVE AREA 2,OldRod,25,NONE,0,0,NONE,0,0,NONE,0,0,NONE,0,0,NONE,0,0,295
128,RELIC CAVE AREA 2,GoodRod,50,NONE,0,0,NONE,0,0,NONE,0,0,NONE,0,0,NONE,0,0,295
128,RELIC CAVE AREA 2,SuperRod,75,NONE,0,0,NONE,0,0,NONE,0,0,NONE,0,0,NONE,0,0,295
129,RELIC CAVE AREA 3,OldRod,25,NONE,0,0,NONE,0,0,NONE,0,0,NONE,0,0,NONE,0,0,296
129,RELIC CAVE AREA 3,GoodRod,50,NONE,0,0,NONE,0,0,NONE,0,0,NONE,0,0,NONE,0,0,296
129,RELIC CAVE AREA 3,SuperRod,75,NONE,0,0,NONE,0,0,NONE,0,0,NONE,0,0,NONE,0,0,296
130,WILD AREA 1,OldRod,25,NONE,0,0,NONE,0,0,NONE,0,0,NONE,0,0,NONE,0,0,
130,WILD AREA 1,GoodRod,50,NONE,0,0,NONE,0,0,NONE,0,0,NONE,0,0,NONE,0,0,
130,WILD AREA 1,SuperRod,75,NONE,0,0,NONE,0,0,NONE,0,0,NONE,0,0,NONE,0,0,
131,WILD AREA 2,OldRod,25,NONE,0,0,NONE,0,0,NONE,0,0,NONE,0,0,NONE,0,0,
131,WILD AREA 2,GoodRod,50,NONE,0,0,NONE,0,0,NONE,0,0,NONE,0,0,NONE,0,0,
131,WILD AREA 2,SuperRod,75,NONE,0,0,NONE,0,0,NONE,0,0,NONE,0,0,NONE,0,0,
132,WILD AREA 3,OldRod,25,NONE,0,0,NONE,0,0,NONE,0,0,NONE,0,0,NONE,0,0,
132,WILD AREA 3,GoodRod,50,NONE,0,0,NONE,0,0,NONE,0,0,NONE,0,0,NONE,0,0,
132,WILD AREA 3,SuperRod,75,NONE,0,0,NONE,0,0,NONE,0,0,NONE,0,0,NONE,0,0,
133,WILD AREA 4,OldRod,25,NONE,0,0,NONE,0,0,NONE,0,0,NONE,0,0,NONE,0,0,
133,WILD AREA 4,GoodRod,50,NONE,0,0,NONE,0,0,NONE,0,0,NONE,0,0,NONE,0,0,
133,WILD AREA 4,SuperRod,75,NONE,0,0,NONE,0,0,NONE,0,0,NONE,0,0,NONE,0,0,
134,WILD AREA 5,OldRod,25,NONE,0,0,NONE,0,0,NONE,0,0,NONE,0,0,NONE,0,0,
134,WILD AREA 5,GoodRod,50,NONE,0,0,NONE,0,0,NONE,0,0,NONE,0,0,NONE,0,0,
134,WILD AREA 5,SuperRod,75,NONE,0,0,NONE,0,0,NONE,0,0,NONE,0,0,NONE,0,0,
135,WILD AREA 6,OldRod,25,NONE,0,0,NONE,0,0,NONE,0,0,NONE,0,0,NONE,0,0,
135,WILD AREA 6,GoodRod,50,NONE,0,0,NONE,0,0,NONE,0,0,NONE,0,0,NONE,0,0,
135,WILD AREA 6,SuperRod,75,NONE,0,0,NONE,0,0,NONE,0,0,NONE,0,0,NONE,0,0,
136,WILD AREA 7,OldRod,25,NONE,0,0,NONE,0,0,NONE,0,0,NONE,0,0,NONE,0,0,
136,WILD AREA 7,GoodRod,50,NONE,0,0,NONE,0,0,NONE,0,0,NONE,0,0,NONE,0,0,
136,WILD AREA 7,SuperRod,75,NONE,0,0,NONE,0,0,NONE,0,0,NONE,0,0,NONE,0,0,
137,WILD AREA 8,OldRod,25,NONE,0,0,NONE,0,0,NONE,0,0,NONE,0,0,NONE,0,0,299
137,WILD AREA 8,GoodRod,50,NONE,0,0,NONE,0,0,NONE,0,0,NONE,0,0,NONE,0,0,299
137,WILD AREA 8,SuperRod,75,NONE,0,0,NONE,0,0,NONE,0,0,NONE,0,0,NONE,0,0,299
138,WILD AREA 9,OldRod,25,NONE,0,0,NONE,0,0,NONE,0,0,NONE,0,0,NONE,0,0,
138,WILD AREA 9,GoodRod,50,NONE,0,0,NONE,0,0,NONE,0,0,NONE,0,0,NONE,0,0,
138,WILD AREA 9,SuperRod,75,NONE,0,0,NONE,0,0,NONE,0,0,NONE,0,0,NONE,0,0,
139,WILD AREA 10,OldRod,25,NONE,0,0,NONE,0,0,NONE,0,0,NONE,0,0,NONE,0,0,
139,WILD AREA 10,GoodRod,50,NONE,0,0,NONE,0,0,NONE,0,0,NONE,0,0,NONE,0,0,
139,WILD AREA 10,SuperRod,75,NONE,0,0,NONE,0,0,NONE,0,0,NONE,0,0,NONE,0,0,
140,WILD AREA 11,OldRod,25,NONE,0,0,NONE,0,0,NONE,0,0,NONE,0,0,NONE,0,0,
140,WILD AREA 11,GoodRod,50,NONE,0,0,NONE,0,0,NONE,0,0,NONE,0,0,NONE,0,0,
140,WILD AREA 11,SuperRod,75,NONE,0,0,NONE,0,0,NONE,0,0,NONE,0,0,NONE,0,0,
141,WILD AREA 12,OldRod,25,NONE,0,0,NONE,0,0,NONE,0,0,NONE,0,0,NONE,0,0,
141,WILD AREA 12,GoodRod,50,NONE,0,0,NONE,0,0,NONE,0,0,NONE,0,0,NONE,0,0,
141,WILD AREA 12,SuperRod,75,NONE,0,0,NONE,0,0,NONE,0,0,NONE,0,0,NONE,0,0,
142,WILD AREA 13,OldRod,25,NONE,0,0,NONE,0,0,NONE,0,0,NONE,0,0,NONE,0,0,
142,WILD AREA 13,GoodRod,50,NONE,0,0,NONE,0,0,NONE,0,0,NONE,0,0,NONE,0,0,
142,WILD AREA 13,SuperRod,75,NONE,0,0,NONE,0,0,NONE,0,0,NONE,0,0,NONE,0,0,
143,WILD AREA 14,OldRod,25,NONE,0,0,NONE,0,0,NONE,0,0,NONE,0,0,NONE,0,0,
143,WILD AREA 14,GoodRod,50,NONE,0,0,NONE,0,0,NONE,0,0,NONE,0,0,NONE,0,0,
143,WILD AREA 14,SuperRod,75,NONE,0,0,NONE,0,0,NONE,0,0,NONE,0,0,NONE,0,0,
144,ROUTE 19 AREA 1,OldRod,25,NONE,0,0,NONE,0,0,NONE,0,0,NONE,0,0,NONE,0,0,312
144,ROUTE 19 AREA 1,GoodRod,50,NONE,0,0,NONE,0,0,NONE,0,0,NONE,0,0,NONE,0,0,312
144,ROUTE 19 AREA 1,SuperRod,75,NONE,0,0,NONE,0,0,NONE,0,0,NONE,0,0,NONE,0,0,312
145,ROUTE 19 AREA 2,OldRod,25,NONE,0,0,NONE,0,0,NONE,0,0,NONE,0,0,NONE,0,0,313
145,ROUTE 19 AREA 2,GoodRod,50,NONE,0,0,NONE,0,0,NONE,0,0,NONE,0,0,NONE,0,0,313
145,ROUTE 19 AREA 2,SuperRod,75,NONE,0,0,NONE,0,0,NONE,0,0,NONE,0,0,NONE,0,0,313
146,ROUTE 19 AREA 3,OldRod,25,NONE,0,0,NONE,0,0,NONE,0,0,NONE,0,0,NONE,0,0,314
146,ROUTE 19 AREA 3,GoodRod,50,NONE,0,0,NONE,0,0,NONE,0,0,NONE,0,0,NONE,0,0,314
146,ROUTE 19 AREA 3,SuperRod,75,NONE,0,0,NONE,0,0,NONE,0,0,NONE,0,0,NONE,0,0,314
147,ULURU 2 A 1,OldRod,25,NONE,0,0,NONE,0,0,NONE,0,0,NONE,0,0,NONE,0,0,315
147,ULURU 2 A 1,GoodRod,50,NONE,0,0,NONE,0,0,NONE,0,0,NONE,0,0,NONE,0,0,315
147,ULURU 2 A 1,SuperRod,75,NONE,0,0,NONE,0,0,NONE,0,0,NONE,0,0,NONE,0,0,315
148,ULURU 2 A 2,OldRod,25,NONE,0,0,NONE,0,0,NONE,0,0,NONE,0,0,NONE,0,0,316
148,ULURU 2 A 2,GoodRod,50,NONE,0,0,NONE,0,0,NONE,0,0,NONE,0,0,NONE,0,0,316
148,ULURU 2 A 2,SuperRod,75,NONE,0,0,NONE,0,0,NONE,0,0,NONE,0,0,NONE,0,0,316
149,ROUTE 13 AREA 1,OldRod,25,NONE,0,0,NONE,0,0,NONE,0,0,NONE,0,0,NONE,0,0,323
149,ROUTE 13 AREA 1,GoodRod,50,NONE,0,0,NONE,0,0,NONE,0,0,NONE,0,0,NONE,0,0,323
149,ROUTE 13 AREA 1,SuperRod,75,NONE,0,0,NONE,0,0,NONE,0,0,NONE,0,0,NONE,0,0,323
150,ROUTE 13 AREA 2,OldRod,25,NONE,0,0,NONE,0,0,NONE,0,0,NONE,0,0,NONE,0,0,321;322
150,ROUTE 13 AREA 2,GoodRod,50,NONE,0,0,NONE,0,0,NONE,0,0,NONE,0,0,NONE,0,0,321;322
150,ROUTE 13 AREA 2,SuperRod,75,NONE,0,0,NONE,0,0,NONE,0,0,NONE,0,0,NONE,0,0,321;322
151,ROUTE 13 AREA 3,OldRod,25,NONE,0,0,NONE,0,0,NONE,0,0,NONE,0,0,NONE,0,0,317;318
151,ROUTE 13 AREA 3,GoodRod,50,NONE,0,0,NONE,0,0,NONE,0,0,NONE,0,0,NONE,0,0,317;318
151,ROUTE 13 AREA 3,SuperRod,75,NONE,0,0,NONE,0,0,NONE,0,0,NONE,0,0,NONE,0,0,317;318
152,ROUTE 13 AREA 4,OldRod,25,NONE,0,0,NONE,0,0,NONE,0,0,NONE,0,0,NONE,0,0,319;320
152,ROUTE 13 AREA 4,GoodRod,50,NONE,0,0,NONE,0,0,NONE,0,0,NONE,0,0,NONE,0,0,319;320
152,ROUTE 13 AREA 4,SuperRod,75,NONE,0,0,NONE,0,0,NONE,0,0,NONE,0,0,NONE,0,0,319;320
153,ULURU 3 A 1,OldRod,25,NONE,0,0,NONE,0,0,NONE,0,0,NONE,0,0,NONE,0,0,324
153,ULURU 3 A 1,GoodRod,50,NONE,0,0,NONE,0,0,NONE,0,0,NONE,0,0,NONE,0,0,324
153,ULURU 3 A 1,SuperRod,75,NONE,0,0,NONE,0,0,NONE,0,0,NONE,0,0,NONE,0,0,324
154,ULURU 3 A 2,OldRod,25,NONE,0,0,NONE,0,0,NONE,0,0,NONE,0,0,NONE,0,0,325
154,ULURU 3 A 2,GoodRod,50,NONE,0,0,NONE,0,0,NONE,0,0,NONE,0,0,NONE,0,0,325
154,ULURU 3 A 2,SuperRod,75,NONE,0,0,NONE,0,0,NONE,0,0,NONE,0,0,NONE,0,0,325
155,MT UNDARA 1,OldRod,25,NONE,0,0,NONE,0,0,NONE,0,0,NONE,0,0,NONE,0,0,326
155,MT UNDARA 1,GoodRod,50,NONE,0,0,NONE,0,0,NONE,0,0,NONE,0,0,NONE,0,0,326
155,MT UNDARA 1,SuperRod,75,NONE,0,0,NONE,0,0,NONE,0,0,NONE,0,0,NONE,0,0,326
156,MT UNDARA 2,OldRod,25,NONE,0,0,NONE,0,0,NONE,0,0,NONE,0,0,NONE,0,0,327
156,MT UNDARA 2,GoodRod,50,NONE,0,0,NONE,0,0,NONE,0,0,NONE,0,0,NONE,0,0,327
156,MT UNDARA 2,SuperRod,75,NONE,0,0,NONE,0,0,NONE,0,0,NONE,0,0,NONE,0,0,327
157,MT UNDARA 3,OldRod,25,NONE,0,0,NONE,0,0,NONE,0,0,NONE,0,0,NONE,0,0,328
157,MT UNDARA 3,GoodRod,50,NONE,0,0,NONE,0,0,NONE,0,0,NONE,0,0,NONE,0,0,328
157,MT UNDARA 3,SuperRod,75,NONE,0,0,NONE,0,0,NONE,0,0,NONE,0,0,NONE,0,0,328
158,MT UNDARA 4,OldRod,25,NONE,0,0,NONE,0,0,NONE,0,0,NONE,0,0,NONE,0,0,330
158,MT UNDARA 4,GoodRod,50,NONE,0,0,NONE,0,0,NONE,0,0,NONE,0,0,NONE,0,0,330
158,MT UNDARA 4,SuperRod,75,NONE,0,0,NONE,0,0,NONE,0,0,NONE,0,0,NONE,0,0,330
159,MT UNDARA 5,OldRod,25,NONE,0,0,NONE,0,0,NONE,0,0,NONE,0,0,NONE,0,0,329
159,MT UNDARA 5,GoodRod,50,NONE,0,0,NONE,0,0,NONE,0,0,NONE,0,0,NONE,0,0,329
159,MT UNDARA 5,SuperRod,75,NONE,0,0,NONE,0,0,NONE,0,0,NONE,0,0,NONE,0,0,329
160,MT UNDARA 6,OldRod,25,NONE,0,0,NONE,0,0,NONE,0,0,NONE,0,0,NONE,0,0,331
160,MT UNDARA 6,GoodRod,50,NONE,0,0,NONE,0,0,NONE,0,0,NONE,0,0,NONE,0,0,331
160,MT UNDARA 6,SuperRod,75,NONE,0,0,NONE,0,0,NONE,0,0,NONE,0,0,NONE,0,0,331
161,MT UNDARA 7,OldRod,25,NONE,0,0,NONE,0,0,NONE,0,0,NONE,0,0,NONE,0,0,332
161,MT UNDARA 7,GoodRod,50,NONE,0,0,NONE,0,0,NONE,0,0,NONE,0,0,NONE,0,0,332
161,MT UNDARA 7,SuperRod,75,NONE,0,0,NONE,0,0,NONE,0,0,NONE,0,0,NONE,0,0,332
162,MT UNDARA 8,OldRod,25,NONE,0,0,NONE,0,0,NONE,0,0,NONE,0,0,NONE,0,0,333
162,MT UNDARA 8,GoodRod,50,NONE,0,0,NONE,0,0,NONE,0,0,NONE,0,0,NONE,0,0,333
162,MT UNDARA 8,SuperRod,75,NONE,0,0,NONE,0,0,NONE,0,0,NONE,0,0,NONE,0,0,333
163,PLUS PASSAGE,OldRod,25,NONE,0,0,NONE,0,0,NONE,0,0,NONE,0,0,NONE,0,0,
163,PLUS PASSAGE,GoodRod,50,NONE,0,0,NONE,0,0,NONE,0,0,NONE,0,0,NONE,0,0,
163,PLUS PASSAGE,SuperRod,75,NONE,0,0,NONE,0,0,NONE,0,0,NONE,0,0,NONE,0,0,
164,SHALLOW C 1,OldRod,25,NONE,0,0,NONE,0,0,NONE,0,0,NONE,0,0,NONE,0,0,
164,SHALLOW C 1,GoodRod,50,NONE,0,0,NONE,0,0,NONE,0,0,NONE,0,0,NONE,0,0,
164,SHALLOW C 1,SuperRod,75,NONE,0,0,NONE,0,0,NONE,0,0,NONE,0,0,NONE,0,0,
165,SHALLOW C 2,OldRod,25,NONE,0,0,NONE,0,0,NONE,0,0,NONE,0,0,NONE,0,0,
165,SHALLOW C 2,GoodRod,50,NONE,0,0,NONE,0,0,NONE,0,0,NONE,0,0,NONE,0,0,
165,SHALLOW C 2,SuperRod,75,NONE,0,0,NONE,0,0,NONE,0,0,NONE,0,0,NONE,0,0,
166,SHALLOW C 3,OldRod,25,NONE,0,0,NONE,0,0,NONE,0,0,NONE,0,0,NONE,0,0,
166,SHALLOW C 3,GoodRod,50,NONE,0,0,NONE,0,0,NONE,0,0,NONE,0,0,NONE,0,0,
166,SHALLOW C 3,SuperRod,75,NONE,0,0,NONE,0,0,NONE,0,0,NONE,0,0,NONE,0,0,
167,ROUTE 15,OldRod,25,NONE,0,0,NONE,0,0,NONE,0,0,NONE,0,0,NONE,0,0,
167,ROUTE 15,GoodRod,50,NONE,0,0,NONE,0,0,NONE,0,0,NONE,0,0,NONE,0,0,
167,ROUTE 15,SuperRod,75,NONE,0,0,NONE,0,0,NONE,0,0,NONE,0,0,NONE,0,0,
168,ROUTE 16 AREA 1,OldRod,25,NONE,0,0,NONE,0,0,NONE,0,0,NONE,0,0,NONE,0,0,
168,ROUTE 16 AREA 1,GoodRod,50,NONE,0,0,NONE,0,0,NONE,0,0,NONE,0,0,NONE,0,0,
168,ROUTE 16 AREA 1,SuperRod,75,NONE,0,0,NONE,0,0,NONE,0,0,NONE,0,0,NONE,0,0,
169,ROUTE 16 AREA 2,OldRod,25,NONE,0,0,NONE,0,0,NONE,0,0,NONE,0,0,NONE,0,0,
169,ROUTE 16 AREA 2,GoodRod,50,NONE,0,0,NONE,0,0,NONE,0,0,NONE,0,0,NONE,0,0,
169,ROUTE 16 AREA 2,SuperRod,75,NONE,0,0,NONE,0,0,NONE,0,0,NONE,0,0,NONE,0,0,
170,ROUTE 16 AREA 3,OldRod,25,NONE,0,0,NONE,0,0,NONE,0,0,NONE,0,0,NONE,0,0,
170,ROUTE 16 AREA 3,GoodRod,50,NONE,0,0,NONE,0,0,NONE,0,0,NONE,0,0,NONE,0,0,
170,ROUTE 16 AREA 3,SuperRod,75,NONE,0,0,NONE,0,0,NONE,0,0,NONE,0,0,NONE,0,0,
171,ROUTE 16 AREA 4,OldRod,25,NONE,0,0,NONE,0,0,NONE,0,0,NONE,0,0,NONE,0,0,
171,ROUTE 16 AREA 4,GoodRod,50,NONE,0,0,NONE,0,0,NONE,0,0,NONE,0,0,NONE,0,0,
171,ROUTE 16 AREA 4,SuperRod,75,NONE,0,0,NONE,0,0,NONE,0,0,NONE,0,0,NONE,0,0,
172,ROUTE 16 AREA 5,OldRod,25,NONE,0,0,NONE,0,0,NONE,0,0,NONE,0,0,NONE,0,0,
172,ROUTE 16 AREA 5,GoodRod,50,NONE,0,0,NONE,0,0,NONE,0,0,NONE,0,0,NONE,0,0,
172,ROUTE 16 AREA 5,SuperRod,75,NONE,0,0,NONE,0,0,NONE,0,0,NONE,0,0,NONE,0,0,
173,HAUNTED FOREST 1,OldRod,25,NONE,0,0,NONE,0,0,NONE,0,0,NONE,0,0,NONE,0,0,
173,HAUNTED FOREST 1,GoodRod,50,NONE,0,0,NONE,0,0,NONE,0,0,NONE,0,0,NONE,0,0,
173,HAUNTED FOREST 1,SuperRod,75,NONE,0,0,NONE,0,0,NONE,0,0,NONE,0,0,NONE,0,0,
174,HAUNTED FOREST 2,OldRod,25,NONE,0,0,NONE,0,0,NONE,0,0,NONE,0,0,NONE,0,0,
174,HAUNTED FOREST 2,GoodRod,50,NONE,0,0,NONE,0,0,NONE,0,0,NONE,0,0,NONE,0,0,
174,HAUNTED FOREST 2,SuperRod,75,NONE,0,0,NONE,0,0,NONE,0,0,NONE,0,0,NONE,0,0,
175,HAUNTED FOREST 3,OldRod,25,NONE,0,0,NONE,0,0,NONE,0,0,NONE,0,0,NONE,0,0,
175,HAUNTED FOREST 3,GoodRod,50,NONE,0,0,NONE,0,0,NONE,0,0,NONE,0,0,NONE,0,0,
175,HAUNTED FOREST 3,SuperRod,75,NONE,0,0,NONE,0,0,NONE,0,0,NONE,0,0,NONE,0,0,
176,HAUNTED FOREST 4,OldRod,25,NONE,0,0,NONE,0,0,NONE,0,0,NONE,0,0,NONE,0,0,
176,HAUNTED FOREST 4,GoodRod,50,NONE,0,0,NONE,0,0,NONE,0,0,NONE,0,0,NONE,0,0,
176,HAUNTED FOREST 4,SuperRod,75,NONE,0,0,NONE,0,0,NONE,0,0,NONE,0,0,NONE,0,0,
177,HAUNTED FOREST 5,OldRod,25,NONE,0,0,NONE,0,0,NONE,0,0,NONE,0,0,NONE,0,0,
177,HAUNTED FOREST 5,GoodRod,50,NONE,0,0,NONE,0,0,NONE,0,0,NONE,0,0,NONE,0,0,
177,HAUNTED FOREST 5,SuperRod,75,NONE,0,0,NONE,0,0,NONE,0,0,NONE,0,0,NONE,0,0,
178,HAUNTED MANSION 1,OldRod,25,NONE,0,0,NONE,0,0,NONE,0,0,NONE,0,0,NONE,0,0,
178,HAUNTED MANSION 1,GoodRod,50,NONE,0,0,NONE,0,0,NONE,0,0,NONE,0,0,NONE,0,0,
178,HAUNTED MANSION 1,SuperRod,75,NONE,0,0,NONE,0,0,NONE,0,0,NONE,0,0,NONE,0,0,
179,HAUNTED MANSION 2,OldRod,25,NONE,0,0,NONE,0,0,NONE,0,0,NONE,0,0,NONE,0,0,
179,HAUNTED MANSION 2,GoodRod,50,NONE,0,0,NONE,0,0,NONE,0,0,NONE,0,0,NONE,0,0,
179,HAUNTED MANSION 2,SuperRod,75,NONE,0,0,NONE,0,0,NONE,0,0,NONE,0,0,NONE,0,0,
180,ROUTE 18 AREA 1,OldRod,25,NONE,0,0,NONE,0,0,NONE,0,0,NONE,0,0,NONE,0,0,
180,ROUTE 18 AREA 1,GoodRod,50,NONE,0,0,NONE,0,0,NONE,0,0,NONE,0,0,NONE,0,0,
180,ROUTE 18 AREA 1,SuperRod,75,NONE,0,0,NONE,0,0,NONE,0,0,NONE,0,0,NONE,0,0,
181,ROUTE 18 AREA 2,OldRod,25,NONE,0,0,NONE,0,0,NONE,0,0,NONE,0,0,NONE,0,0,
181,ROUTE 18 AREA 2,GoodRod,50,NONE,0,0,NONE,0,0,NONE,0,0,NONE,0,0,NONE,0,0,
181,ROUTE 18 AREA 2,SuperRod,75,NONE,0,0,NONE,0,0,NONE,0,0,NONE,0,0,NONE,0,0,
182,ROUTE 18 AREA 3,OldRod,25,NONE,0,0,NONE,0,0,NONE,0,0,NONE,0,0,NONE,0,0,
182,ROUTE 18 AREA 3,GoodRod,50,NONE,0,0,NONE,0,0,NONE,0,0,NONE,0,0,NONE,0,0,
182,ROUTE 18 AREA 3,SuperRod,75,NONE,0,0,NONE,0,0,NONE,0,0,NONE,0,0,NONE,0,0,
183,ROUTE 18 AREA 4,OldRod,25,NONE,0,0,NONE,0,0,NONE,0,0,NONE,0,0,NONE,0,0,
183,ROUTE 18 AREA 4,GoodRod,50,NONE,0,0,NONE,0,0,NONE,0,0,NONE,0,0,NONE,0,0,
183,ROUTE 18 AREA 4,SuperRod,75,NONE,0,0,NONE,0,0,NONE,0,0,NONE,0,0,NONE,0,0,
184,CAVE 1,OldRod,25,NONE,0,0,NONE,0,0,NONE,0,0,NONE,0,0,NONE,0,0,430
184,CAVE 1,GoodRod,50,NONE,0,0,NONE,0,0,NONE,0,0,NONE,0,0,NONE,0,0,430
184,CAVE 1,SuperRod,75,NONE,0,0,NONE,0,0,NONE,0,0,NONE,0,0,NONE,0,0,430
185,CAVE 2,OldRod,25,NONE,0,0,NONE,0,0,NONE,0,0,NONE,0,0,NONE,0,0,431
185,CAVE 2,GoodRod,50,NONE,0,0,NONE,0,0,NONE,0,0,NONE,0,0,NONE,0,0,431
185,CAVE 2,SuperRod,75,NONE,0,0,NONE,0,0,NONE,0,0,NONE,0,0,NONE,0,0,431
186,CAVE 3,OldRod,25,NONE,0,0,NONE,0,0,NONE,0,0,NONE,0,0,NONE,0,0,
186,CAVE 3,GoodRod,50,NONE,0,0,NONE,0,0,NONE,0,0,NONE,0,0,NONE,0,0,
186,CAVE 3,SuperRod,75,NONE,0,0,NONE,0,0,NONE,0,0,NONE,0,0,NONE,0,0,
187,ROUTE 17 AREA 1,OldRod,25,NONE,0,0,NONE,0,0,NONE,0,0,NONE,0,0,NONE,0,0,401;432
187,ROUTE 17 AREA 1,GoodRod,50,NONE,0,0,NONE,0,0,NONE,0,0,NONE,0,0,NONE,0,0,401;432
187,ROUTE 17 AREA 1,SuperRod,75,NONE,0,0,NONE,0,0,NONE,0,0,NONE,0,0,NONE,0,0,401;432
188,ROUTE 17 AREA 2,OldRod,25,NONE,0,0,NONE,0,0,NONE,0,0,NONE,0,0,NONE,0,0,402
188,ROUTE 17 AREA 2,GoodRod,50,NONE,0,0,NONE,0,0,NONE,0,0,NONE,0,0,NONE,0,0,402
188,ROUTE 17 AREA 2,SuperRod,75,NONE,0,0,NONE,0,0,NONE,0,0,NONE,0,0,NONE,0,0,402
189,ROUTE 17 AREA 3,OldRod,25,NONE,0,0,NONE,0,0,NONE,0,0,NONE,0,0,NONE,0,0,403
189,ROUTE 17 AREA 3,GoodRod,50,NONE,0,0,NONE,0,0,NONE,0,0,NONE,0,0,NONE,0,0,403
189,ROUTE 17 AREA 3,SuperRod,75,NONE,0,0,NONE,0,0,NONE,0,0,NONE,0,0,NONE,0,0,403
190,ROUTE 17 AREA 4,OldRod,25,NONE,0,0,NONE,0,0,NONE,0,0,NONE,0,0,NONE,0,0,404
190,ROUTE 17 AREA 4,GoodRod,50,NONE,0,0,NONE,0,0,NONE,0,0,NONE,0,0,NONE,0,0,404
190,ROUTE 17 AREA 4,SuperRod,75,NONE,0,0,NONE,0,0,NONE,0,0,NONE,0,0,NONE,0,0,404
191,ROUTE 17 AREA 5,OldRod,25,NONE,0,0,NONE,0,0,NONE,0,0,NONE,0,0,NONE,0,0,405
191,ROUTE 17 AREA 5,GoodRod,50,NONE,0,0,NONE,0,0,NONE,0,0,NONE,0,0,NONE,0,0,405
191,ROUTE 17 AREA 5,SuperRod,75,NONE,0,0,NONE,0,0,NONE,0,0,NONE,0,0,NONE,0,0,405
192,ROUTE 17 AREA 6,OldRod,25,NONE,0,0,NONE,0,0,NONE,0,0,NONE,0,0,NONE,0,0,406
192,ROUTE 17 AREA 6,GoodRod,50,NONE,0,0,NONE,0,0,NONE,0,0,NONE,0,0,NONE,0,0,406
192,ROUTE 17 AREA 6,SuperRod,75,NONE,0,0,NONE,0,0,NONE,0,0,NONE,0,0,NONE,0,0,406
193,ROUTE 17 AREA 7,OldRod,25,NONE,0,0,NONE,0,0,NONE,0,0,NONE,0,0,NONE,0,0,407
193,ROUTE 17 AREA 7,GoodRod,50,NONE,0,0,NONE,0,0,NONE,0,0,NONE,0,0,NONE,0,0,407
193,ROUTE 17 AREA 7,SuperRod,75,NONE,0,0,NONE,0,0,NONE,0,0,NONE,0,0,NONE,0,0,407
194,ROUTE 17 AREA 8,OldRod,25,NONE,0,0,NONE,0,0,NONE,0,0,NONE,0,0,NONE,0,0,408
194,ROUTE 17 AREA 8,GoodRod,50,NONE,0,0,NONE,0,0,NONE,0,0,NONE,0,0,NONE,0,0,408
194,ROUTE 17 AREA 8,SuperRod,75,NONE,0,0,NONE,0,0,NONE,0,0,NONE,0,0,NONE,0,0,408
195,WILD AREA 15,OldRod,25,NONE,0,0,NONE,0,0,NONE,0,0,NONE,0,0,NONE,0,0,
195,WILD AREA 15,GoodRod,50,NONE,0,0,NONE,0,0,NONE,0,0,NONE,0,0,NONE,0,0,
195,WILD AREA 15,SuperRod,75,NONE,0,0,NONE,0,0,NONE,0,0,NONE,0,0,NONE,0,0,
196,WILD AREA 16,OldRod,25,NONE,0,0,NONE,0,0,NONE,0,0,NONE,0,0,NONE,0,0,
196,WILD AREA 16,GoodRod,50,NONE,0,0,NONE,0,0,NONE,0,0,NONE,0,0,NONE,0,0,
196,WILD AREA 16,SuperRod,75,NONE,0,0,NONE,0,0,NONE,0,0,NONE,0,0,NONE,0,0,
197,WILD AREA 17,OldRod,25,NONE,0,0,NONE,0,0,NONE,0,0,NONE,0,0,NONE,0,0,
197,WILD AREA 17,GoodRod,50,NONE,0,0,NONE,0,0,NONE,0,0,NONE,0,0,NONE,0,0,
197,WILD AREA 17,SuperRod,75,NONE,0,0,NONE,0,0,NONE,0,0,NONE,0,0,NONE,0,0,
198,WILD AREA 18,OldRod,25,NONE,0,0,NONE,0,0,NONE,0,0,NONE,0,0,NONE,0,0,
198,WILD AREA 18,GoodRod,50,NONE,0,0,NONE,0,0,NONE,0,0,NONE,0,0,NONE,0,0,
198,WILD AREA 18,SuperRod,75,NONE,0,0,NONE,0,0,NONE,0,0,NONE,0,0,NONE,0,0,
199,WILD AREA 19,OldRod,25,NONE,0,0,NONE,0,0,NONE,0,0,NONE,0,0,NONE,0,0,
199,WILD AREA 19,GoodRod,50,NONE,0,0,NONE,0,0,NONE,0,0,NONE,0,0,NONE,0,0,
199,WILD AREA 19,SuperRod,75,NONE,0,0,NONE,0,0,NONE,0,0,NONE,0,0,NONE,0,0,
200,WILD AREA 20,OldRod,25,NONE,0,0,NONE,0,0,NONE,0,0,NONE,0,0,NONE,0,0,
200,WILD AREA 20,GoodRod,50,NONE,0,0,NONE,0,0,NONE,0,0,NONE,0,0,NONE,0,0,
200,WILD AREA 20,SuperRod,75,NONE,0,0,NONE,0,0,NONE,0,0,NONE,0,0,NONE,0,0,
201,WILD AREA 21,OldRod,25,NONE,0,0,NONE,0,0,NONE,0,0,NONE,0,0,NONE,0,0,
201,WILD AREA 21,GoodRod,50,NONE,0,0,NONE,0,0,NONE,0,0,NONE,0,0,NONE,0,0,
201,WILD AREA 21,SuperRod,75,NONE,0,0,NONE,0,0,NONE,0,0,NONE,0,0,NONE,0,0,
202,WILD AREA 22,OldRod,25,NONE,0,0,NONE,0,0,NONE,0,0,NONE,0,0,NONE,0,0,
202,WILD AREA 22,GoodRod,50,NONE,0,0,NONE,0,0,NONE,0,0,NONE,0,0,NONE,0,0,
202,WILD AREA 22,SuperRod,75,NONE,0,0,NONE,0,0,NONE,0,0,NONE,0,0,NONE,0,0,
203,WILD AREA 23,OldRod,25,NONE,0,0,NONE,0,0,NONE,0,0,NONE,0,0,NONE,0,0,
203,WILD AREA 23,GoodRod,50,NONE,0,0,NONE,0,0,NONE,0,0,NONE,0,0,NONE,0,0,
203,WILD AREA 23,SuperRod,75,NONE,0,0,NONE,0,0,NONE,0,0,NONE,0,0,NONE,0,0,
204,WILD AREA 24,OldRod,25,NONE,0,0,NONE,0,0,NONE,0,0,NONE,0,0,NONE,0,0,
204,WILD AREA 24,GoodRod,50,NONE,0,0,NONE,0,0,NONE,0,0,NONE,0,0,NONE,0,0,
204,WILD AREA 24,SuperRod,75,NONE,0,0,NONE,0,0,NONE,0,0,NONE,0,0,NONE,0,0,
205,WILD AREA 25,OldRod,25,NONE,0,0,NONE,0,0,NONE,0,0,NONE,0,0,NONE,0,0,
205,WILD AREA 25,GoodRod,50,NONE,0,0,NONE,0,0,NONE,0,0,NONE,0,0,NONE,0,0,
205,WILD AREA 25,SuperRod,75,NONE,0,0,NONE,0,0,NONE,0,0,NONE,0,0,NONE,0,0,
206,WILD AREA 26,OldRod,25,NONE,0,0,NONE,0,0,NONE,0,0,NONE,0,0,NONE,0,0,
206,WILD AREA 26,GoodRod,50,NONE,0,0,NONE,0,0,NONE,0,0,NONE,0,0,NONE,0,0,
206,WILD AREA 26,SuperRod,75,NONE,0,0,NONE,0,0,NONE,0,0,NONE,0,0,NONE,0,0,
207,WILD AREA 27,OldRod,25,NONE,0,0,NONE,0,0,NONE,0,0,NONE,0,0,NONE,0,0,
207,WILD AREA 27,GoodRod,50,NONE,0,0,NONE,0,0,NONE,0,0,NONE,0,0,NONE,0,0,
207,WILD AREA 27,SuperRod,75,NONE,0,0,NONE,0,0,NONE,0,0,NONE,0,0,NONE,0,0,
208,WILD AREA 28,OldRod,25,NONE,0,0,NONE,0,0,NONE,0,0,NONE,0,0,NONE,0,0,
208,WILD AREA 28,GoodRod,50,NONE,0,0,NONE,0,0,NONE,0,0,NONE,0,0,NONE,0,0,
208,WILD AREA 28,SuperRod,75,NONE,0,0,NONE,0,0,NONE,0,0,NONE,0,0,NONE,0,0,
209,WILD AREA 29,OldRod,25,NONE,0,0,NONE,0,0,NONE,0,0,NONE,0,0,NONE,0,0,
209,WILD AREA 29,GoodRod,50,NONE,0,0,NONE,0,0,NONE,0,0,NONE,0,0,NONE,0,0,
209,WILD AREA 29,SuperRod,75,NONE,0,0,NONE,0,0,NONE,0,0,NONE,0,0,NONE,0,0,
210,WILD AREA 30,OldRod,25,NONE,0,0,NONE,0,0,NONE,0,0,NONE,0,0,NONE,0,0,
210,WILD AREA 30,GoodRod,50,NONE,0,0,NONE,0,0,NONE,0,0,NONE,0,0,NONE,0,0,
210,WILD AREA 30,SuperRod,75,NONE,0,0,NONE,0,0,NONE,0,0,NONE,0,0,NONE,0,0,
211,WILD AREA 31,OldRod,25,NONE,0,0,NONE,0,0,NONE,0,0,NONE,0,0,NONE,0,0,
211,WILD AREA 31,GoodRod,50,NONE,0,0,NONE,0,0,NONE,0,0,NONE,0,0,NONE,0,0,
211,WILD AREA 31,SuperRod,75,NONE,0,0,NONE,0,0,NONE,0,0,NONE,0,0,NONE,0,0,
212,WILD AREA 32,OldRod,25,NONE,0,0,NONE,0,0,NONE,0,0,NONE,0,0,NONE,0,0,
212,WILD AREA 32,GoodRod,50,NONE,0,0,NONE,0,0,NONE,0,0,NONE,0,0,NONE,0,0,
212,WILD AREA 32,SuperRod,75,NONE,0,0,NONE,0,0,NONE,0,0,NONE,0,0,NONE,0,0,
213,ROUTE 20 AREA 1,OldRod,25,NONE,0,0,NONE,0,0,NONE,0,0,NONE,0,0,NONE,0,0,433
213,ROUTE 20 AREA 1,GoodRod,50,NONE,0,0,NONE,0,0,NONE,0,0,NONE,0,0,NONE,0,0,433
213,ROUTE 20 AREA 1,SuperRod,75,NONE,0,0,NONE,0,0,NONE,0,0,NONE,0,0,NONE,0,0,433
214,ROUTE 20 AREA 2,OldRod,25,NONE,0,0,NONE,0,0,NONE,0,0,NONE,0,0,NONE,0,0,434
214,ROUTE 20 AREA 2,GoodRod,50,NONE,0,0,NONE,0,0,NONE,0,0,NONE,0,0,NONE,0,0,434
214,ROUTE 20 AREA 2,SuperRod,75,NONE,0,0,NONE,0,0,NONE,0,0,NONE,0,0,NONE,0,0,434
215,ROUTE 20 AREA 3,OldRod,25,NONE,0,0,NONE,0,0,NONE,0,0,NONE,0,0,NONE,0,0,435
215,ROUTE 20 AREA 3,GoodRod,50,NONE,0,0,NONE,0,0,NONE,0,0,NONE,0,0,NONE,0,0,435
215,ROUTE 20 AREA 3,SuperRod,75,NONE,0,0,NONE,0,0,NONE,0,0,NONE,0,0,NONE,0,0,435
216,ROUTE 20 AREA 4,OldRod,25,NONE,0,0,NONE,0,0,NONE,0,0,NONE,0,0,NONE,0,0,436
216,ROUTE 20 AREA 4,GoodRod,50,NONE,0,0,NONE,0,0,NONE,0,0,NONE,0,0,NONE,0,0,436
216,ROUTE 20 AREA 4,SuperRod,75,NONE,0,0,NONE,0,0,NONE,0,0,NONE,0,0,NONE,0,0,436
217,ROUTE 20 AREA 5,OldRod,25,NONE,0,0,NONE,0,0,NONE,0,0,NONE,0,0,NONE,0,0,437
217,ROUTE 20 AREA 5,GoodRod,50,NONE,0,0,NONE,0,0,NONE,0,0,NONE,0,0,NONE,0,0,437
217,ROUTE 20 AREA 5,SuperRod,75,NONE,0,0,NONE,0,0,NONE,0,0,NONE,0,0,NONE,0,0,437
218,ROUTE 20 AREA 6,OldRod,25,NONE,0,0,NONE,0,0,NONE,0,0,NONE,0,0,NONE,0,0,438
218,ROUTE 20 AREA 6,GoodRod,50,NONE,0,0,NONE,0,0,NONE,0,0,NONE,0,0,NONE,0,0,438
218,ROUTE 20 AREA 6,SuperRod,75,NONE,0,0,NONE,0,0,NONE,0,0,NONE,0,0,NONE,0,0,438
219,ROUTE 20 AREA 7,OldRod,25,NONE,0,0,NONE,0,0,NONE,0,0,NONE,0,0,NONE,0,0,439
219,ROUTE 20 AREA 7,GoodRod,50,NONE,0,0,NONE,0,0,NONE,0,0,NONE,0,0,NONE,0,0,439
219,ROUTE 20 AREA 7,SuperRod,75,NONE,0,0,NONE,0,0,NONE,0,0,NONE,0,0,NONE,0,0,439
220,ROUTE 20 AREA 8,OldRod,25,NONE,0,0,NONE,0,0,NONE,0,0,NONE,0,0,NONE,0,0,440
220,ROUTE 20 AREA 8,GoodRod,50,NONE,0,0,NONE,0,0,NONE,0,0,NONE,0,0,NONE,0,0,440
220,ROUTE 20 AREA 8,SuperRod,75,NONE,0,0,NONE,0,0,NONE,0,0,NONE,0,0,NONE,0,0,440
221,ROUTE 20 AREA 9,OldRod,25,NONE,0,0,NONE,0,0,NONE,0,0,NONE,0,0,NONE,0,0,441
221,ROUTE 20 AREA 9,GoodRod,50,NONE,0,0,NONE,0,0,NONE,0,0,NONE,0,0,NONE,0,0,441
221,ROUTE 20 AREA 9,SuperRod,75,NONE,0,0,NONE,0,0,NONE,0,0,NONE,0,0,NONE,0,0,441
222,ROUTE 20 AREA 10,OldRod,25,NONE,0,0,NONE,0,0,NONE,0,0,NONE,0,0,NONE,0,0,442
222,ROUTE 20 AREA 10,GoodRod,50,NONE,0,0,NONE,0,0,NONE,0,0,NONE,0,0,NONE,0,0,442
222,ROUTE 20 AREA 10,SuperRod,75,NONE,0,0,NONE,0,0,NONE,0,0,NONE,0,0,NONE,0,0,442
223,ROUTE 20 AREA 11,OldRod,25,NONE,0,0,NONE,0,0,NONE,0,0,NONE,0,0,NONE,0,0,443
223,ROUTE 20 AREA 11,GoodRod,50,NONE,0,0,NONE,0,0,NONE,0,0,NONE,0,0,NONE,0,0,443
223,ROUTE 20 AREA 11,SuperRod,75,NONE,0,0,NONE,0,0,NONE,0,0,NONE,0,0,NONE,0,0,443
224,ROUTE 20 AREA 12,OldRod,25,NONE,0,0,NONE,0,0,NONE,0,0,NONE,0,0,NONE,0,0,444
224,ROUTE 20 AREA 12,GoodRod,50,NONE,0,0,NONE,0,0,NONE,0,0,NONE,0,0,NONE,0,0,444
224,ROUTE 20 AREA 12,SuperRod,75,NONE,0,0,NONE,0,0,NONE,0,0,NONE,0,0,NONE,0,0,444
225,ROUTE 20 AREA 13,OldRod,25,NONE,0,0,NONE,0,0,NONE,0,0,NONE,0,0,NONE,0,0,445;446
225,ROUTE 20 AREA 13,GoodRod,50,NONE,0,0,NONE,0,0,NONE,0,0,NONE,0,0,NONE,0,0,445;446
225,ROUTE 20 AREA 13,SuperRod,75,NONE,0,0,NONE,0,0,NONE,0,0,NONE,0,0,NONE,0,0,445;446
226,WILD AREA 33,OldRod,25,NONE,0,0,NONE,0,0,NONE,0,0,NONE,0,0,NONE,0,0,
226,WILD AREA 33,GoodRod,50,NONE,0,0,NONE,0,0,NONE,0,0,NONE,0,0,NONE,0,0,
226,WILD AREA 33,SuperRod,75,NONE,0,0,NONE,0,0,NONE,0,0,NONE,0,0,NONE,0,0,
227,WILD AREA 34,OldRod,25,NONE,0,0,NONE,0,0,NONE,0,0,NONE,0,0,NONE,0,0,
227,WILD AREA 34,GoodRod,50,NONE,0,0,NONE,0,0,NONE,0,0,NONE,0,0,NONE,0,0,
227,WILD AREA 34,SuperRod,75,NONE,0,0,NONE,0,0,NONE,0,0,NONE,0,0,NONE,0,0,
228,WILD AREA 35,OldRod,25,NONE,0,0,NONE,0,0,NONE,0,0,NONE,0,0,NONE,0,0,
228,WILD AREA 35,GoodRod,50,NONE,0,0,NONE,0,0,NONE,0,0,NONE,0,0,NONE,0,0,
228,WILD AREA 35,SuperRod,75,NONE,0,0,NONE,0,0,NONE,0,0,NONE,0,0,NONE,0,0,
229,WILD AREA 36,OldRod,25,NONE,0,0,NONE,0,0,NONE,0,0,NONE,0,0,NONE,0,0,
229,WILD AREA 36,GoodRod,50,NONE,0,0,NONE,0,0,NONE,0,0,NONE,0,0,NONE,0,0,
229,WILD AREA 36,SuperRod,75,NONE,0,0,NONE,0,0,NONE,0,0,NONE,0,0,NONE,0,0,
230,WILD AREA 37,OldRod,25,NONE,0,0,NONE,0,0,NONE,0,0,NONE,0,0,NONE,0,0,
230,WILD AREA 37,GoodRod,50,NONE,0,0,NONE,0,0,NONE,0,0,NONE,0,0,NONE,0,0,
230,WILD AREA 37,SuperRod,75,NONE,0,0,NONE,0,0,NONE,0,0,NONE,0,0,NONE,0,0,
231,WILD AREA 38,OldRod,25,NONE,0,0,NONE,0,0,NONE,0,0,NONE,0,0,NONE,0,0,
231,WILD AREA 38,GoodRod,50,NONE,0,0,NONE,0,0,NONE,0,0,NONE,0,0,NONE,0,0,
231,WILD AREA 38,SuperRod,75,NONE,0,0,NONE,0,0,NONE,0,0,NONE,0,0,NONE,0,0,
232,WILD AREA 39,OldRod,25,NONE,0,0,NONE,0,0,NONE,0,0,NONE,0,0,NONE,0,0,
232,WILD AREA 39,GoodRod,50,NONE,0,0,NONE,0,0,NONE,0,0,NONE,0,0,NONE,0,0,
232,WILD AREA 39,SuperRod,75,NONE,0,0,NONE,0,0,NONE,0,0,NONE,0,0,NONE,0,0,
233,WILD AREA 40,OldRod,25,NONE,0,0,NONE,0,0,NONE,0,0,NONE,0,0,NONE,0,0,
233,WILD AREA 40,GoodRod,50,NONE,0,0,NONE,0,0,NONE,0,0,NONE,0,0,NONE,0,0,
233,WILD AREA 40,SuperRod,75,NONE,0,0,NONE,0,0,NONE,0,0,NONE,0,0,NONE,0,0,
234,VICTORY ROAD AREA 1,OldRod,25,NONE,0,0,NONE,0,0,NONE,0,0,NONE,0,0,NONE,0,0,
234,VICTORY ROAD AREA 1,GoodRod,50,NONE,0,0,NONE,0,0,NONE,0,0,NONE,0,0,NONE,0,0,
234,VICTORY ROAD AREA 1,SuperRod,75,NONE,0,0,NONE,0,0,NONE,0,0,NONE,0,0,NONE,0,0,
235,VICTORY ROAD AREA 2,OldRod,25,NONE,0,0,NONE,0,0,NONE,0,0,NONE,0,0,NONE,0,0,
235,VICTORY ROAD AREA 2,GoodRod,50,NONE,0,0,NONE,0,0,NONE,0,0,NONE,0,0,NONE,0,0,
235,VICTORY ROAD AREA 2,SuperRod,75,NONE,0,0,NONE,0,0,NONE,0,0,NONE,0,0,NONE,0,0,
236,VICTORY ROAD AREA 3,OldRod,25,NONE,0,0,NONE,0,0,NONE,0,0,NONE,0,0,NONE,0,0,
236,VICTORY ROAD AREA 3,GoodRod,50,NONE,0,0,NONE,0,0,NONE,0,0,NONE,0,0,NONE,0,0,
236,VICTORY ROAD AREA 3,SuperRod,75,NONE,0,0,NONE,0,0,NONE,0,0,NONE,0,0,NONE,0,0,
237,VICTORY ROAD AREA 4,OldRod,25,NONE,0,0,NONE,0,0,NONE,0,0,NONE,0,0,NONE,0,0,
237,VICTORY ROAD AREA 4,GoodRod,50,NONE,0,0,NONE,0,0,NONE,0,0,NONE,0,0,NONE,0,0,
237,VICTORY ROAD AREA 4,SuperRod,75,NONE,0,0,NONE,0,0,NONE,0,0,NONE,0,0,NONE,0,0,
238,VICTORY ROAD AREA 5,OldRod,25,NONE,0,0,NONE,0,0,NONE,0,0,NONE,0,0,NONE,0,0,
238,VICTORY ROAD AREA 5,GoodRod,50,NONE,0,0,NONE,0,0,NONE,0,0,NONE,0,0,NONE,0,0,
238,VICTORY ROAD AREA 5,SuperRod,75,NONE,0,0,NONE,0,0,NONE,0,0,NONE,0,0,NONE,0,0,
239,VICTORY ROAD AREA 6,OldRod,25,NONE,0,0,NONE,0,0,NONE,0,0,NONE,0,0,NONE,0,0,
239,VICTORY ROAD AREA 6,GoodRod,50,NONE,0,0,NONE,0,0,NONE,0,0,NONE,0,0,NONE,0,0,
239,VICTORY ROAD AREA 6,SuperRod,75,NONE,0,0,NONE,0,0,NONE,0,0,NONE,0,0,NONE,0,0,
240,VICTORY ROAD AREA 7,OldRod,25,NONE,0,0,NONE,0,0,NONE,0,0,NONE,0,0,NONE,0,0,
240,VICTORY ROAD AREA 7,GoodRod,50,NONE,0,0,NONE,0,0,NONE,0,0,NONE,0,0,NONE,0,0,
240,VICTORY ROAD AREA 7,SuperRod,75,NONE,0,0,NONE,0,0,NONE,0,0,NONE,0,0,NONE,0,0,
241,VICTORY ROAD AREA 8,OldRod,25,NONE,0,0,NONE,0,0,NONE,0,0,NONE,0,0,NONE,0,0,
241,VICTORY ROAD AREA 8,GoodRod,50,NONE,0,0,NONE,0,0,NONE,0,0,NONE,0,0,NONE,0,0,
241,VICTORY ROAD AREA 8,SuperRod,75,NONE,0,0,NONE,0,0,NONE,0,0,NONE,0,0,NONE,0,0,
242,VICTORY ROAD AREA 9,OldRod,25,NONE,0,0,NONE,0,0,NONE,0,0,NONE,0,0,NONE,0,0,
242,VICTORY ROAD AREA 9,GoodRod,50,NONE,0,0,NONE,0,0,NONE,0,0,NONE,0,0,NONE,0,0,
242,VICTORY ROAD AREA 9,SuperRod,75,NONE,0,0,NONE,0,0,NONE,0,0,NONE,0,0,NONE,0,0,
243,VICTORY ROAD AREA 10,OldRod,25,NONE,0,0,NONE,0,0,NONE,0,0,NONE,0,0,NONE,0,0,
243,VICTORY ROAD AREA 10,GoodRod,50,NONE,0,0,NONE,0,0,NONE,0,0,NONE,0,0,NONE,0,0,
243,VICTORY ROAD AREA 10,SuperRod,75,NONE,0,0,NONE,0,0,NONE,0,0,NONE,0,0,NONE,0,0,
244,VICTORY ROAD AREA 11,OldRod,25,NONE,0,0,NONE,0,0,NONE,0,0,NONE,0,0,NONE,0,0,
244,VICTORY ROAD AREA 11,GoodRod,50,NONE,0,0,NONE,0,0,NONE,0,0,NONE,0,0,NONE,0,0,
244,VICTORY ROAD AREA 11,SuperRod,75,NONE,0,0,NONE,0,0,NONE,0,0,NONE,0,0,NONE,0,0,
245,VICTORY ROAD AREA 12,OldRod,25,NONE,0,0,NONE,0,0,NONE,0,0,NONE,0,0,NONE,0,0,
245,VICTORY ROAD AREA 12,GoodRod,50,NONE,0,0,NONE,0,0,NONE,0,0,NONE,0,0,NONE,0,0,
245,VICTORY ROAD AREA 12,SuperRod,75,NONE,0,0,NONE,0,0,NONE,0,0,NONE,0,0,NONE,0,0,
246,VICTORY ROAD AREA 13,OldRod,25,NONE,0,0,NONE,0,0,NONE,0,0,NONE,0,0,NONE,0,0,
246,VICTORY ROAD AREA 13,GoodRod,50,NONE,0,0,NONE,0,0,NONE,0,0,NONE,0,0,NONE,0,0,
246,VICTORY ROAD AREA 13,SuperRod,75,NONE,0,0,NONE,0,0,NONE,0,0,NONE,0,0,NONE,0,0,
247,VICTORY ROAD AREA 14,OldRod,25,NONE,0,0,NONE,0,0,NONE,0,0,NONE,0,0,NONE,0,0,
247,VICTORY ROAD AREA 14,GoodRod,50,NONE,0,0,NONE,0,0,NONE,0,0,NONE,0,0,NONE,0,0,
247,VICTORY ROAD AREA 14,SuperRod,75,NONE,0,0,NONE,0,0,NONE,0,0,NONE,0,0,NONE,0,0,
248,VICTORY ROAD AREA 15,OldRod,25,NONE,0,0,NONE,0,0,NONE,0,0,NONE,0,0,NONE,0,0,
248,VICTORY ROAD AREA 15,GoodRod,50,NONE,0,0,NONE,0,0,NONE,0,0,NONE,0,0,NONE,0,0,
248,VICTORY ROAD AREA 15,SuperRod,75,NONE,0,0,NONE,0,0,NONE,0,0,NONE,0,0,NONE,0,0,
249,VICTORY ROAD AREA 16,OldRod,25,NONE,0,0,NONE,0,0,NONE,0,0,NONE,0,0,NONE,0,0,
249,VICTORY ROAD AREA 16,GoodRod,50,NONE,0,0,NONE,0,0,NONE,0,0,NONE,0,0,NONE,0,0,
249,VICTORY ROAD AREA 16,SuperRod,75,NONE,0,0,NONE,0,0,NONE,0,0,NONE,0,0,NONE,0,0,
250,VICTORY ROAD AREA 17,OldRod,25,NONE,0,0,NONE,0,0,NONE,0,0,NONE,0,0,NONE,0,0,
250,VICTORY ROAD AREA 17,GoodRod,50,NONE,0,0,NONE,0,0,NONE,0,0,NONE,0,0,NONE,0,0,
250,VICTORY ROAD AREA 17,SuperRod,75,NONE,0,0,NONE,0,0,NONE,0,0,NONE,0,0,NONE,0,0,
251,VICTORY ROAD AREA 18,OldRod,25,NONE,0,0,NONE,0,0,NONE,0,0,NONE,0,0,NONE,0,0,
251,VICTORY ROAD AREA 18,GoodRod,50,NONE,0,0,NONE,0,0,NONE,0,0,NONE,0,0,NONE,0,0,
251,VICTORY ROAD AREA 18,SuperRod,75,NONE,0,0,NONE,0,0,NONE,0,0,NONE,0,0,NONE,0,0,
252,VICTORY ROAD AREA 19,OldRod,25,NONE,0,0,NONE,0,0,NONE,0,0,NONE,0,0,NONE,0,0,
252,VICTORY ROAD AREA 19,GoodRod,50,NONE,0,0,NONE,0,0,NONE,0,0,NONE,0,0,NONE,0,0,
252,VICTORY ROAD AREA 19,SuperRod,75,NONE,0,0,NONE,0,0,NONE,0,0,NONE,0,0,NONE,0,0,
253,AREA_253,OldRod,25,NONE,0,0,NONE,0,0,NONE,0,0,NONE,0,0,NONE,0,0,
253,AREA_253,GoodRod,50,NONE,0,0,NONE,0,0,NONE,0,0,NONE,0,0,NONE,0,0,
253,AREA_253,SuperRod,75,NONE,0,0,NONE,0,0,NONE,0,0,NONE,0,0,NONE,0,0,
254,AREA_254,OldRod,25,NONE,0,0,NONE,0,0,NONE,0,0,NONE,0,0,NONE,0,0,
254,AREA_254,GoodRod,50,NONE,0,0,NONE,0,0,NONE,0,0,NONE,0,0,NONE,0,0,
254,AREA_254,SuperRod,75,NONE,0,0,NONE,0,0,NONE,0,0,NONE,0,0,NONE,0,0,
255,AREA_255,OldRod,25,NONE,0,0,NONE,0,0,NONE,0,0,NONE,0,0,NONE,0,0,0;1;2;3;4;5;6;8;11;12;13;14;15;16;17;18;19;20;21;24;25;26;27;28;29;34;37;42;46;57;58;59;60;61;62;63;64;65;66;67;68;69;70;71;72;73;74;75;76;77;79;80;82;93;94;95;96;97;98;99;100;101;102;104;108;109;110;111;112;113;114;115;116;117;118;120;125;126;127;128;132;133;135;137;138;139;140;141;142;143;144;149;154;157;160;164;165;166;167;168;169;170;171;172;173;174;175;176;177;178;179;180;181;182;183;184;185;186;187;188;189;190;191;192;193;194;195;196;197;198;199;200;201;202;203;204;205;206;207;208;209;210;211;212;213;214;215;216;217;218;219;220;226;227;228;229;230;231;241;245;251;252;253;254;255;256;257;258;260;266;267;270;271;272;273;274;280;281;282;283;284;285;298;300;301;302;303;304;305;306;307;308;309;310;311;334;335;336;337;338;339;340;342;343;344;345;346;347;348;349;350;351;352;353;354;355;356;358;359;360;361;362;363;364;365;366;367;368;369;370;371;372;373;374;375;376;377;378;379;380;381;382;383;384;385;386;387;388;389;390;391;392;393;394;395;396;397;398;399;400;409;410;413;414;415;416;417;418;419;420;421;422;423;424;425;426;427;428;429;447;448;449;450;451;452;453;454;455;457;458;465;466;467;468;469;470;471;472;473;474;475;476;477;478;479;480;481;482;483;484;485;488;489;493;494;495;496;497;498;499;500;501;502;503;504;505;506;507;508;509;510;511;512;513;514;515;516;517;518;519;520;521;522;523;524;525;526;527;528;529;530;531;532;533;534;535;536;537;538;539;540;541;542;543;544;545
255,AREA_255,GoodRod,50,NONE,0,0,NONE,0,0,NONE,0,0,NONE,0,0,NONE,0,0,0;1;2;3;4;5;6;8;11;12;13;14;15;16;17;18;19;20;21;24;25;26;27;28;29;34;37;42;46;57;58;59;60;61;62;63;64;65;66;67;68;69;70;71;72;73;74;75;76;77;79;80;82;93;94;95;96;97;98;99;100;101;102;104;108;109;110;111;112;113;114;115;116;117;118;120;125;126;127;128;132;133;135;137;138;139;140;141;142;143;144;149;154;157;160;164;165;166;167;168;169;170;171;172;173;174;175;176;177;178;179;180;181;182;183;184;185;186;187;188;189;190;191;192;193;194;195;196;197;198;199;200;201;202;203;204;205;206;207;208;209;210;211;212;213;214;215;216;217;218;219;220;226;227;228;229;230;231;241;245;251;252;253;254;255;256;257;258;260;266;267;270;271;272;273;274;280;281;282;283;284;285;298;300;301;302;303;304;305;306;307;308;309;310;311;334;335;336;337;338;339;340;342;343;344;345;346;347;348;349;350;351;352;353;354;355;356;358;359;360;361;362;363;364;365;366;367;368;369;370;371;372;373;374;375;376;377;378;379;380;381;382;383;384;385;386;387;388;389;390;391;392;393;394;395;396;397;398;399;400;409;410;413;414;415;416;417;418;419;420;421;422;423;424;425;426;427;428;429;447;448;449;450;451;452;453;454;455;457;458;465;466;467;468;469;470;471;472;473;474;475;476;477;478;479;480;481;482;483;484;485;488;489;493;494;495;496;497;498;499;500;501;502;503;504;505;506;507;508;509;510;511;512;513;514;515;516;517;518;519;520;521;522;523;524;525;526;527;528;529;530;531;532;533;534;535;536;537;538;539;540;541;542;543;544;545
255,AREA_255,SuperRod,75,NONE,0,0,NONE,0,0,NONE,0,0,NONE,0,0,NONE,0,0,0;1;2;3;4;5;6;8;11;12;13;14;15;16;17;18;19;20;21;24;25;26;27;28;29;34;37;42;46;57;58;59;60;61;62;63;64;65;66;67;68;69;70;71;72;73;74;75;76;77;79;80;82;93;94;95;96;97;98;99;100;101;102;104;108;109;110;111;112;113;114;115;116;117;118;120;125;126;127;128;132;133;135;137;138;139;140;141;142;143;144;149;154;157;160;164;165;166;167;168;169;170;171;172;173;174;175;176;177;178;179;180;181;182;183;184;185;186;187;188;189;190;191;192;193;194;195;196;197;198;199;200;201;202;203;204;205;206;207;208;209;210;211;212;213;214;215;216;217;218;219;220;226;227;228;229;230;231;241;245;251;252;253;254;255;256;257;258;260;266;267;270;271;272;273;274;280;281;282;283;284;285;298;300;301;302;303;304;305;306;307;308;309;310;311;334;335;336;337;338;339;340;342;343;344;345;346;347;348;349;350;351;352;353;354;355;356;358;359;360;361;362;363;364;365;366;367;368;369;370;371;372;373;374;375;376;377;378;379;380;381;382;383;384;385;386;387;388;389;390;391;392;393;394;395;396;397;398;399;400;409;410;413;414;415;416;417;418;419;420;421;422;423;424;425;426;427;428;429;447;448;449;450;451;452;453;454;455;457;458;465;466;467;468;469;470;471;472;473;474;475;476;477;478;479;480;481;482;483;484;485;488;489;493;494;495;496;497;498;499;500;501;502;503;504;505;506;507;508;509;510;511;512;513;514;515;516;517;518;519;520;521;522;523;524;525;526;527;528;529;530;531;532;533;534;535;536;537;538;539;540;541;542;543;544;545
